,index,Episode Number,Key,Collision,Wrong lane change,Avg. distance to lane center,Route completed [%],Max. distance traveled [steps],Avg. speed compliance,Cumulativ reward,agent_id
0,325,0,[968943.],1,7,0,0,209,0.666620440077633,-44,1
1,725,0,[365355.],1,3,0,0,159,0.791255919860031,-36,2
2,1122,0,[491860.],1,4,0,0,280,0.570045157988391,-38,3
3,0,1,[43776.],0,20,0,0,400,0.464697299089456,-40,0
4,326,1,[968943.],1,11,0,0,252,0.573292395871388,-52,1
5,726,1,[365355.],0,17,0,0,400,0.452972853539579,-34,2
6,1123,1,[491860.],1,3,0,0,170,0.789564986927702,-36,3
7,1,2,[43776.],1,9,0,0,161,0.78925138875233,-48,0
8,327,2,[968943.],1,13,0,0,307,0.522656579391185,-56,1
9,727,2,[365355.],1,15,0,0,315,0.534712533981441,-60,2
10,1124,2,[491860.],1,14,0,0,213,0.663645641806266,-58,3
11,2,3,[43776.],1,20,0,0,319,0.493735869719855,-70,0
12,328,3,[968943.],1,5,0,0,175,0.712873662485931,-40,1
13,728,3,[365355.],1,7,0,0,218,0.655724747049123,-44,2
14,1125,3,[491860.],1,14,0,0,281,0.58349092572134,-58,3
15,3,4,[43776.],1,11,0,0,224,0.625611344995214,-52,0
16,329,4,[968943.],1,6,0,0,184,0.693582114886594,-42,1
17,729,4,[365355.],1,9,0,0,213,0.674201757649638,-48,2
18,1126,4,[491860.],1,3,0,0,76,1.42686971934506,-36,3
19,4,5,[43776.],1,9,0,0,175,0.72085764160386,-48,0
20,330,5,[968943.],1,7,0,0,193,0.687889497530978,-44,1
21,730,5,[365355.],0,8,0,0,400,0.465863245256387,-16,2
22,1127,5,[491860.],1,3,0,0,190,0.725766100940812,-36,3
23,5,6,[43776.],1,11,0,0,199,0.687074106463867,-52,0
24,331,6,[968943.],0,11,0,0,400,0.457884502669861,-22,1
25,731,6,[365355.],0,17,0,0,400,0.458108891409544,-34,2
26,1128,6,[491860.],1,3,0,0,82,1.35414242338867,-36,3
27,6,7,[43776.],1,3,0,0,180,0.723287947198937,-36,0
28,332,7,[968943.],1,11,0,0,180,0.72219075232974,-52,1
29,732,7,[365355.],0,15,0,0,400,0.468190655217339,-30,2
30,1129,7,[491860.],0,9,0,0,400,0.474179675825784,-18,3
31,7,8,[43776.],1,8,0,0,168,0.762706948654949,-46,0
32,333,8,[968943.],0,8,0,0,400,0.459865018924767,-16,1
33,733,8,[365355.],1,3,0,0,93,1.2065082872277,-36,2
34,1130,8,[491860.],0,13,0,0,400,0.465415642833927,-26,3
35,8,9,[43776.],1,3,0,0,124,0.939291753159239,-36,0
36,334,9,[968943.],0,11,0,0,400,0.453127463579062,-22,1
37,734,9,[365355.],1,5,0,0,323,0.539425995359674,-40,2
38,1131,9,[491860.],0,10,0,0,400,0.465740603840434,-20,3
39,9,10,[43776.],0,14,0,0,400,0.47334772287349,-28,0
40,335,10,[968943.],1,3,0,0,107,1.06485841563909,-36,1
41,735,10,[365355.],0,11,0,0,400,0.470340785787035,-22,2
42,1132,10,[491860.],1,5,0,0,166,0.797269793097726,-40,3
43,10,11,[43776.],1,3,0,0,158,0.791691878997806,-36,0
44,336,11,[968943.],1,9,0,0,133,0.903064200949185,-48,1
45,736,11,[365355.],1,9,0,0,311,0.544099762946107,-48,2
46,1133,11,[491860.],1,8,0,0,282,0.567652047704659,-46,3
47,11,12,[43776.],0,14,0,0,400,0.463409009604871,-28,0
48,337,12,[968943.],1,5,0,0,171,0.741277208339595,-40,1
49,737,12,[365355.],1,14,0,0,196,0.700774021283443,-58,2
50,1134,12,[491860.],0,13,0,0,400,0.489105179597494,-26,3
51,12,13,[43776.],1,8,0,0,197,0.690129796783265,-46,0
52,338,13,[968943.],1,9,0,0,125,0.924780458589485,-48,1
53,738,13,[365355.],1,13,0,0,309,0.524295526919188,-56,2
54,1135,13,[491860.],0,19,0,0,400,0.467557772665493,-38,3
55,13,14,[43776.],0,16,0,0,400,0.4683142080561,-32,0
56,339,14,[968943.],0,8,0,0,400,0.450454688349023,-16,1
57,739,14,[365355.],1,19,0,0,388,0.486433600040088,-68,2
58,1136,14,[491860.],0,8,0,0,400,0.470991749550146,-16,3
59,14,15,[43776.],0,14,0,0,400,0.468214604602138,-28,0
60,340,15,[968943.],1,7,0,0,238,0.591052922101746,-44,1
61,740,15,[365355.],1,3,0,0,263,0.567709381515667,-36,2
62,1137,15,[491860.],1,5,0,0,94,1.18824162809536,-40,3
63,15,16,[43776.],0,9,0,0,400,0.464353542124734,-18,0
64,341,16,[968943.],1,8,0,0,165,0.762784488118561,-46,1
65,741,16,[365355.],0,15,0,0,400,0.483595525405043,-30,2
66,1138,16,[491860.],1,3,0,0,130,0.928076724052395,-36,3
67,16,17,[43776.],0,14,0,0,400,0.456365980971264,-28,0
68,342,17,[968943.],1,3,0,0,131,0.898633683346929,-36,1
69,742,17,[365355.],1,11,0,0,352,0.494428985527242,-52,2
70,1139,17,[491860.],1,19,0,0,390,0.487883520568042,-68,3
71,17,18,[43776.],1,11,0,0,234,0.612984931066722,-52,0
72,343,18,[968943.],0,19,0,0,400,0.46761325852098,-38,1
73,743,18,[365355.],1,5,0,0,112,1.03075028154483,-40,2
74,1140,18,[491860.],1,5,0,0,223,0.637482887479047,-40,3
75,18,19,[43776.],1,9,0,0,122,0.929724455480138,-48,0
76,344,19,[968943.],0,15,0,0,400,0.469233758779663,-30,1
77,744,19,[365355.],1,3,0,0,89,1.29819258018587,-36,2
78,1141,19,[491860.],0,8,0,0,400,0.455158927508045,-16,3
79,19,20,[43776.],1,6,0,0,282,0.55313370044839,-42,0
80,345,20,[968943.],1,10,0,0,344,0.491944690879727,-50,1
81,745,20,[365355.],1,3,0,0,126,0.963375800347165,-36,2
82,1142,20,[491860.],1,5,0,0,122,0.995677002355233,-40,3
83,20,21,[43776.],1,7,0,0,252,0.582433670023414,-44,0
84,346,21,[968943.],0,12,0,0,400,0.46462130996531,-24,1
85,746,21,[365355.],1,3,0,0,207,0.685000539977987,-36,2
86,1143,21,[491860.],1,3,0,0,92,1.25511882939848,-36,3
87,21,22,[43776.],0,27,0,0,400,0.465942090875985,-54,0
88,347,22,[968943.],0,10,0,0,400,0.458078471873281,-20,1
89,747,22,[365355.],1,20,0,0,387,0.485547010417992,-70,2
90,1144,22,[491860.],1,3,0,0,160,0.806839748863205,-36,3
91,22,23,[43776.],1,8,0,0,191,0.697880522194603,-46,0
92,348,23,[968943.],1,7,0,0,156,0.809701896085976,-44,1
93,748,23,[365355.],1,5,0,0,196,0.687334935030597,-40,2
94,1145,23,[491860.],1,3,0,0,115,1.03441651922855,-36,3
95,23,24,[43776.],0,10,0,0,400,0.456622356211785,-20,0
96,349,24,[968943.],1,10,0,0,209,0.655618489293044,-50,1
97,749,24,[365355.],0,4,0,0,400,0.470556203197917,-8,2
98,1146,24,[491860.],0,11,0,0,400,0.470145357102837,-22,3
99,24,25,[43776.],1,14,0,0,362,0.477588292800142,-58,0
100,350,25,[968943.],0,15,0,0,400,0.452272279323783,-30,1
101,750,25,[365355.],0,17,0,0,400,0.460373190682229,-34,2
102,1147,25,[491860.],0,10,0,0,400,0.468703406432659,-20,3
103,25,26,[43776.],0,24,0,0,400,0.460881808581424,-48,0
104,351,26,[968943.],0,17,0,0,400,0.457820578762404,-34,1
105,751,26,[365355.],0,13,0,0,400,0.484625545888952,-26,2
106,1148,26,[491860.],1,3,0,0,88,1.25138449795762,-36,3
107,26,27,[43776.],0,2,0,0,400,0.463814406724543,-4,0
108,352,27,[968943.],0,17,0,0,400,0.453245265576413,-34,1
109,752,27,[365355.],0,9,0,0,400,0.469303243046116,-18,2
110,1149,27,[491860.],0,13,0,0,400,0.450828381369406,-26,3
111,27,28,[43776.],0,18,0,0,400,0.457845194217591,-36,0
112,353,28,[968943.],0,15,0,0,400,0.461976025439454,-30,1
113,753,28,[365355.],0,13,0,0,400,0.480933726072295,-26,2
114,1150,28,[491860.],0,14,0,0,400,0.46513747771637,-28,3
115,28,29,[43776.],0,7,0,0,400,0.464061932070184,-14,0
116,354,29,[968943.],0,15,0,0,400,0.462285351609648,-30,1
117,754,29,[365355.],0,18,0,0,400,0.475842883887118,-36,2
118,1151,29,[491860.],0,11,0,0,400,0.470403969726925,-22,3
119,29,30,[43776.],0,13,0,0,400,0.466798821587999,-26,0
120,355,30,[968943.],0,19,0,0,400,0.469967635211196,-38,1
121,755,30,[365355.],0,12,0,0,400,0.476668920874161,-24,2
122,1152,30,[491860.],0,2,0,0,400,0.4885743097595,-4,3
123,30,31,[43776.],0,4,0,0,400,0.476352829770585,-8,0
124,356,31,[968943.],0,17,0,0,400,0.462759528133155,-34,1
125,756,31,[365355.],0,12,0,0,400,0.465390534260299,-24,2
126,1153,31,[491860.],0,17,0,0,400,0.461767284536864,-34,3
127,31,32,[43776.],0,8,0,0,400,0.454242491467912,-16,0
128,357,32,[968943.],0,7,0,0,400,0.45882581740542,-14,1
129,757,32,[365355.],1,10,0,0,295,0.553292627661832,-50,2
130,1154,32,[491860.],0,25,0,0,400,0.463478105316858,-50,3
131,32,33,[43776.],0,10,0,0,400,0.461920367145031,-20,0
132,358,33,[968943.],1,14,0,0,293,0.53436901872438,-58,1
133,758,33,[365355.],0,11,0,0,400,0.478540130744867,-22,2
134,1155,33,[491860.],0,20,0,0,400,0.448648704394479,-40,3
135,33,34,[43776.],1,10,0,0,238,0.614034972933128,-50,0
136,359,34,[968943.],0,10,0,0,400,0.479705733847932,-20,1
137,759,34,[365355.],0,14,0,0,400,0.470272246239472,-28,2
138,1156,34,[491860.],0,16,0,0,400,0.44820592823018,-32,3
139,34,35,[43776.],0,13,0,0,400,0.475818255064673,-26,0
140,360,35,[968943.],1,9,0,0,184,0.713393144268802,-48,1
141,760,35,[365355.],0,2,0,0,400,0.476369020249511,-4,2
142,1157,35,[491860.],0,10,0,0,400,0.476940989765712,-20,3
143,35,36,[43776.],0,16,0,0,400,0.467138679825728,-32,0
144,361,36,[968943.],0,16,0,0,400,0.451690220791978,-32,1
145,761,36,[365355.],0,14,0,0,400,0.482470944901302,-28,2
146,1158,36,[491860.],0,11,0,0,400,0.473069379874678,-22,3
147,36,37,[43776.],0,9,0,0,400,0.461769279888376,-18,0
148,362,37,[968943.],0,18,0,0,400,0.473132959004126,-36,1
149,762,37,[365355.],0,23,0,0,400,0.473689719867258,-46,2
150,1159,37,[491860.],0,6,0,0,400,0.45549257435774,-12,3
151,37,38,[43776.],0,18,0,0,400,0.454048930791435,-36,0
152,363,38,[968943.],0,14,0,0,400,0.455914587477256,-28,1
153,763,38,[365355.],0,18,0,0,400,0.476017359471704,-36,2
154,1160,38,[491860.],0,12,0,0,400,0.470959225947002,-24,3
155,38,39,[43776.],0,6,0,0,400,0.462325378528917,-12,0
156,364,39,[968943.],1,12,0,0,259,0.576742815321612,-54,1
157,764,39,[365355.],1,2,0,0,272,0.583259807187533,-34,2
158,1161,39,[491860.],0,4,0,0,400,0.469215339524224,-8,3
159,39,40,[43776.],0,13,0,0,400,0.470312690427603,-26,0
160,365,40,[968943.],0,12,0,0,400,0.472118949149468,-24,1
161,765,40,[365355.],0,6,0,0,400,0.470809588663319,-12,2
162,1162,40,[491860.],1,2,0,0,234,0.647948697755817,-34,3
163,40,41,[43776.],0,7,0,0,400,0.465060759304694,-14,0
164,366,41,[968943.],0,6,0,0,400,0.471196613738488,-12,1
165,766,41,[819584.],0,8,0,0,400,0.481183303151629,-16,2
166,1163,41,[491860.],0,2,0,0,400,0.473660259004505,-4,3
167,41,42,[588497.],0,3,0,0,400,0.406885003166402,-6,0
168,367,42,[968943.],0,2,0,0,400,0.457541151010096,-4,1
169,767,42,[819584.],0,9,0,0,400,0.46545120542517,-18,2
170,1164,42,[491860.],1,7,0,0,173,0.766712029541726,-44,3
171,42,43,[588497.],0,12,0,0,400,0.412136680155136,-24,0
172,368,43,[192109.],0,4,0,0,400,0.410968044777808,-8,1
173,768,43,[819584.],0,11,0,0,400,0.44341175714746,-22,2
174,1165,43,[491860.],0,4,0,0,400,0.475989745142756,-8,3
175,43,44,[588497.],0,12,0,0,400,0.413358611386459,-24,0
176,369,44,[192109.],0,4,0,0,400,0.411697603948956,-8,1
177,769,44,[819584.],0,10,0,0,400,0.472294820522328,-20,2
178,1166,44,[882252.],0,4,0,0,400,0.484234112552502,-8,3
179,44,45,[588497.],0,4,0,0,400,0.412915264520492,-8,0
180,370,45,[192109.],0,6,0,0,400,0.41228468292627,-12,1
181,770,45,[819584.],0,5,0,0,400,0.464334392486963,-10,2
182,1167,45,[882252.],0,8,0,0,400,0.484089635665563,-16,3
183,45,46,[588497.],0,4,0,0,400,0.412553958714871,-8,0
184,371,46,[192109.],0,4,0,0,400,0.399416119643189,-8,1
185,771,46,[819584.],0,3,0,0,400,0.455382549119086,-6,2
186,1168,46,[882252.],0,6,0,0,400,0.478157420365372,-12,3
187,46,47,[588497.],0,2,0,0,400,0.406545904091643,-4,0
188,372,47,[192109.],0,7,0,0,400,0.412471138671061,-14,1
189,772,47,[819584.],0,12,0,0,400,0.485364256948365,-24,2
190,1169,47,[882252.],0,13,0,0,400,0.461724709505346,-26,3
191,47,48,[588497.],0,7,0,0,400,0.417507512038652,-14,0
192,373,48,[192109.],0,2,0,0,400,0.414932345328652,-4,1
193,773,48,[819584.],0,8,0,0,400,0.475759206788488,-16,2
194,1170,48,[882252.],0,8,0,0,400,0.474175816497626,-16,3
195,48,49,[588497.],0,2,0,0,400,0.412867117453138,-4,0
196,374,49,[192109.],0,2,0,0,400,0.411142772021401,-4,1
197,774,49,[819584.],0,4,0,0,400,0.482039544218597,-8,2
198,1171,49,[882252.],0,10,0,0,400,0.478378066877042,-20,3
199,49,50,[588497.],0,2,0,0,400,0.412849662686006,-4,0
200,375,50,[192109.],0,22,0,0,400,0.4063749300277,-44,1
201,775,50,[819584.],0,6,0,0,400,0.472929830827379,-12,2
202,1172,50,[882252.],0,14,0,0,400,0.465666286438614,-28,3
203,50,51,[588497.],0,4,0,0,400,0.407033961144046,-8,0
204,376,51,[192109.],0,10,0,0,400,0.413898373279179,-20,1
205,776,51,[544179.],0,10,0,0,400,0.458157596408385,-20,2
206,1173,51,[882252.],0,2,0,0,400,0.470450591567171,-4,3
207,51,52,[206206.],0,6,0,0,400,0.407096028060208,-12,0
208,377,52,[192109.],0,6,0,0,400,0.391678095111418,-12,1
209,777,52,[544179.],0,8,0,0,400,0.484910460910109,-16,2
210,1174,52,[882252.],0,2,0,0,400,0.48073142909113,-4,3
211,52,53,[206206.],0,2,0,0,400,0.406726139225159,-4,0
212,378,53,[890637.],0,15,0,0,400,0.406784060298827,-30,1
213,778,53,[544179.],0,4,0,0,400,0.482728425246288,-8,2
214,1175,53,[882252.],0,4,0,0,400,0.470960977265408,-8,3
215,53,54,[206206.],0,2,0,0,400,0.408102761903439,-4,0
216,379,54,[890637.],0,2,0,0,400,0.403236186121027,-4,1
217,779,54,[544179.],0,2,0,0,400,0.47769142138828,-4,2
218,1176,54,[882252.],0,12,0,0,400,0.473919447489116,-24,3
219,54,55,[206206.],0,5,0,0,400,0.415620566402941,-10,0
220,380,55,[890637.],0,5,0,0,400,0.402659033872073,-10,1
221,780,55,[544179.],0,12,0,0,400,0.472160128752764,-24,2
222,1177,55,[831065.],0,11,0,0,400,0.478837115136955,-22,3
223,55,56,[628590.],0,2,0,0,400,0.41976516623242,-4,0
224,381,56,[890637.],0,2,0,0,400,0.402225428224306,-4,1
225,781,56,[544179.],0,2,0,0,400,0.481965486014445,-4,2
226,1178,56,[831065.],0,11,0,0,400,0.466950896109247,-22,3
227,56,57,[628590.],0,4,0,0,400,0.418254972190824,-8,0
228,382,57,[40383.],0,4,0,0,400,0.396567239645507,-8,1
229,782,57,[921339.],0,12,0,0,400,0.478419955695643,-24,2
230,1179,57,[831065.],0,2,0,0,400,0.486719788999653,-4,3
231,57,58,[628590.],0,2,0,0,400,0.396728974656257,-4,0
232,383,58,[40383.],0,4,0,0,400,0.399470402738291,-8,1
233,783,58,[921339.],0,2,0,0,400,0.467591750580962,-4,2
234,1180,58,[831065.],0,4,0,0,400,0.484964755511137,-8,3
235,58,59,[628590.],0,6,0,0,400,0.419372229733178,-12,0
236,384,59,[40383.],0,21,0,0,400,0.402891964983527,-42,1
237,784,59,[921339.],0,16,0,0,400,0.468522721003178,-32,2
238,1181,59,[840358.],0,2,0,0,400,0.473630323839793,-4,3
239,59,60,[628590.],0,4,0,0,400,0.403994303663183,-8,0
240,385,60,[40383.],0,4,0,0,400,0.418238505572349,-8,1
241,785,60,[921339.],0,6,0,0,400,0.468836155083886,-12,2
242,1182,60,[840358.],0,4,0,0,400,0.48354668178583,-8,3
243,60,61,[628590.],0,6,0,0,400,0.41172362965462,-12,0
244,386,61,[40383.],0,2,0,0,400,0.412618629560524,-4,1
245,786,61,[921339.],0,16,0,0,400,0.481191642394024,-32,2
246,1183,61,[840358.],0,8,0,0,400,0.474353467450855,-16,3
247,61,62,[628590.],0,17,0,0,400,0.403477208615482,-34,0
248,387,62,[40383.],0,3,0,0,400,0.409568779798658,-6,1
249,787,62,[921339.],0,5,0,0,400,0.459845165486706,-10,2
250,1184,62,[840358.],0,6,0,0,400,0.468200959455768,-12,3
251,62,63,[628590.],0,4,0,0,400,0.415810213559846,-8,0
252,388,63,[40383.],0,2,0,0,400,0.411230793257599,-4,1
253,788,63,[921339.],0,4,0,0,400,0.471008474941526,-8,2
254,1185,63,[840358.],0,2,0,0,400,0.461232865714125,-4,3
255,63,64,[628590.],0,2,0,0,400,0.403359429781802,-4,0
256,389,64,[40383.],0,7,0,0,400,0.408444429403046,-14,1
257,789,64,[921339.],1,2,0,0,280,0.586759864627556,-34,2
258,1186,64,[840358.],0,16,0,0,400,0.4660269412116,-32,3
259,64,65,[628590.],0,6,0,0,400,0.415537204164879,-12,0
260,390,65,[40383.],0,12,0,0,400,0.408340061910257,-24,1
261,790,65,[921339.],0,4,0,0,400,0.477001933124566,-8,2
262,1187,65,[840358.],0,6,0,0,400,0.473334923440007,-12,3
263,65,66,[628590.],0,28,0,0,400,0.410703354222054,-56,0
264,391,66,[40383.],0,4,0,0,400,0.420462649639768,-8,1
265,791,66,[921339.],0,16,0,0,400,0.456156687742657,-32,2
266,1188,66,[840358.],0,2,0,0,400,0.476392847412279,-4,3
267,66,67,[628590.],0,15,0,0,400,0.406920083450216,-30,0
268,392,67,[40383.],0,7,0,0,400,0.409563987708615,-14,1
269,792,67,[921339.],0,4,0,0,400,0.462745757529996,-8,2
270,1189,67,[840358.],0,10,0,0,400,0.485893505103741,-20,3
271,67,68,[628590.],0,4,0,0,400,0.402740527021363,-8,0
272,393,68,[40383.],0,13,0,0,400,0.411326971060478,-26,1
273,793,68,[921339.],0,11,0,0,400,0.467401720439822,-22,2
274,1190,68,[840358.],0,2,0,0,400,0.4710797690228,-4,3
275,68,69,[628590.],0,14,0,0,400,0.410582871171257,-28,0
276,394,69,[40383.],0,2,0,0,400,0.400468052894328,-4,1
277,794,69,[921339.],0,18,0,0,400,0.455451541206234,-36,2
278,1191,69,[840358.],0,4,0,0,400,0.47804977412475,-8,3
279,69,70,[628590.],0,4,0,0,400,0.412944482148693,-8,0
280,395,70,[40383.],0,7,0,0,400,0.403690391088046,-14,1
281,795,70,[921339.],0,8,0,0,400,0.484919710548084,-16,2
282,1192,70,[840358.],0,8,0,0,400,0.45806207844274,-16,3
283,70,71,[628590.],0,2,0,0,400,0.401957443587219,-4,0
284,396,71,[40383.],0,35,0,0,400,0.402766086624948,-70,1
285,796,71,[921339.],0,14,0,0,400,0.480078732408324,-28,2
286,1193,71,[840358.],0,10,0,0,400,0.481164186249854,-20,3
287,71,72,[628590.],0,15,0,0,400,0.409170733545901,-30,0
288,397,72,[40383.],0,2,0,0,400,0.403752256655638,-4,1
289,797,72,[921339.],0,9,0,0,400,0.468339044883477,-18,2
290,1194,72,[840358.],0,9,0,0,400,0.490350225869478,-18,3
291,72,73,[628590.],0,4,0,0,400,0.402767533670008,-8,0
292,398,73,[40383.],0,20,0,0,400,0.399585530946701,-40,1
293,798,73,[921339.],0,8,0,0,400,0.47812806725982,-16,2
294,1195,73,[840358.],0,10,0,0,400,0.467933552742232,-20,3
295,73,74,[628590.],0,2,0,0,400,0.413979128065077,-4,0
296,399,74,[40383.],0,7,0,0,400,0.409758113648841,-14,1
297,799,74,[921339.],0,2,0,0,400,0.489755012559082,-4,2
298,1196,74,[840358.],0,6,0,0,400,0.45649145361084,-12,3
299,74,75,[628590.],0,4,0,0,400,0.395148316448811,-8,0
300,400,75,[40383.],0,4,0,0,400,0.408914888329004,-8,1
301,800,75,[921339.],0,6,0,0,400,0.459760978433672,-12,2
302,1197,75,[840358.],0,8,0,0,400,0.467755556901646,-16,3
303,75,76,[628590.],0,2,0,0,400,0.415019368151623,-4,0
304,401,76,[40383.],0,3,0,0,400,0.410950056946907,-6,1
305,801,76,[921339.],0,6,0,0,400,0.460354665838411,-12,2
306,1198,76,[840358.],0,10,0,0,400,0.460706946031992,-20,3
307,76,77,[628590.],0,2,0,0,400,0.408350742158416,-4,0
308,402,77,[40383.],0,2,0,0,400,0.412082924898922,-4,1
309,802,77,[921339.],0,2,0,0,400,0.476547886392395,-4,2
310,1199,77,[840358.],0,2,0,0,400,0.468207847628628,-4,3
311,77,78,[325645.],0,10,0,0,400,0.407926880337408,-20,0
312,403,78,[40383.],0,9,0,0,400,0.395621702255829,-18,1
313,803,78,[921339.],0,4,0,0,400,0.464400839949537,-8,2
314,1200,78,[840358.],0,4,0,0,400,0.474343711603462,-8,3
315,78,79,[325645.],0,12,0,0,400,0.409701027922819,-24,0
316,404,79,[270862.],0,9,0,0,400,0.402526991443088,-18,1
317,804,79,[394541.],0,2,0,0,400,0.463692541403655,-4,2
318,1201,79,[840358.],0,2,0,0,400,0.470780080500702,-4,3
319,79,80,[325645.],0,2,0,0,400,0.411607147344145,-4,0
320,405,80,[270862.],0,16,0,0,400,0.416343818313266,-32,1
321,805,80,[394541.],0,4,0,0,400,0.46311993243042,-8,2
322,1202,80,[840358.],0,7,0,0,400,0.464230185008714,-14,3
323,80,81,[325645.],0,2,0,0,400,0.402780481290146,-4,0
324,406,81,[270862.],0,2,0,0,400,0.401868069649523,-4,1
325,806,81,[394541.],0,1,0,0,400,0.445150583492001,-2,2
326,1203,81,[840358.],0,4,0,0,400,0.482207984828509,-8,3
327,81,82,[325645.],0,0,0,0,400,0.406842782837134,0,0
328,407,82,[270862.],0,2,0,0,400,0.421209223920586,-4,1
329,807,82,[394541.],0,4,0,0,400,0.482173274539301,-8,2
330,1204,82,[260229.],1,2,0,0,286,0.56252054910206,-34,3
331,82,83,[325645.],0,6,0,0,400,0.395669653405138,-12,0
332,408,83,[270862.],0,7,0,0,400,0.40875786241136,-14,1
333,808,83,[394541.],0,3,0,0,400,0.481683393965114,-6,2
334,1205,83,[260229.],0,6,0,0,400,0.47645667974534,-12,3
335,83,84,[325645.],0,4,0,0,400,0.408623591251864,-8,0
336,409,84,[270862.],0,7,0,0,400,0.409815920772865,-14,1
337,809,84,[394541.],0,6,0,0,400,0.467264359530308,-12,2
338,1206,84,[260229.],0,4,0,0,400,0.466737610651832,-8,3
339,84,85,[325645.],0,2,0,0,400,0.413459986308603,-4,0
340,410,85,[270862.],0,8,0,0,400,0.402230872261795,-16,1
341,810,85,[394541.],0,2,0,0,400,0.470620876736835,-4,2
342,1207,85,[260229.],0,2,0,0,400,0.471999091742425,-4,3
343,85,86,[325645.],0,2,0,0,400,0.415043063477554,-4,0
344,411,86,[270862.],0,2,0,0,400,0.407859536239569,-4,1
345,811,86,[394541.],0,2,0,0,400,0.461622724176141,-4,2
346,1208,86,[260229.],0,12,0,0,400,0.468967211129297,-24,3
347,86,87,[325645.],0,2,0,0,400,0.415320258144008,-4,0
348,412,87,[270862.],0,6,0,0,400,0.410154093474531,-12,1
349,812,87,[394541.],0,2,0,0,400,0.464037347023107,-4,2
350,1209,87,[260229.],0,4,0,0,400,0.476683048767359,-8,3
351,87,88,[325645.],0,4,0,0,400,0.418777045665508,-8,0
352,413,88,[270862.],0,2,0,0,400,0.412255083877563,-4,1
353,813,88,[394541.],0,2,0,0,400,0.469019228677444,-4,2
354,1210,88,[260229.],0,2,0,0,400,0.483343977078118,-4,3
355,88,89,[325645.],0,2,0,0,400,0.405120439369511,-4,0
356,414,89,[270862.],0,1,0,0,400,0.405922715994284,-2,1
357,814,89,[394541.],0,4,0,0,400,0.46032903876812,-8,2
358,1211,89,[260229.],0,2,0,0,400,0.480244461593864,-4,3
359,89,90,[325645.],0,25,0,0,400,0.400394408466973,-50,0
360,415,90,[270862.],0,2,0,0,400,0.396055347342089,-4,1
361,815,90,[394541.],0,4,0,0,400,0.48574931733349,-8,2
362,1212,90,[260229.],1,6,0,0,283,0.562266649542756,-42,3
363,90,91,[325645.],0,2,0,0,400,0.41002371668403,-4,0
364,416,91,[270862.],0,2,0,0,400,0.415486908699238,-4,1
365,816,91,[394541.],0,4,0,0,400,0.47193573113312,-8,2
366,1213,91,[260229.],0,1,0,0,400,0.472109217309309,-2,3
367,91,92,[325645.],0,4,0,0,400,0.400973137289559,-8,0
368,417,92,[270862.],0,0,0,0,400,0.411413484546209,0,1
369,817,92,[394541.],0,8,0,0,400,0.45755450377875,-16,2
370,1214,92,[260229.],0,4,0,0,400,0.468616833896579,-8,3
371,92,93,[325645.],0,4,0,0,400,0.417054221541212,-8,0
372,418,93,[270862.],0,2,0,0,400,0.399097443126184,-4,1
373,818,93,[394541.],0,10,0,0,400,0.486423322940932,-20,2
374,1215,93,[260229.],0,12,0,0,400,0.47507710618117,-24,3
375,93,94,[325645.],0,12,0,0,400,0.40478288196037,-24,0
376,419,94,[270862.],0,0,0,0,400,0.417227275458614,0,1
377,819,94,[394541.],0,7,0,0,400,0.46225206881828,-14,2
378,1216,94,[260229.],0,2,0,0,400,0.46900238544486,-4,3
379,94,95,[325645.],0,8,0,0,400,0.403748530738349,-16,0
380,420,95,[270862.],0,4,0,0,400,0.403412323312618,-8,1
381,820,95,[394541.],0,6,0,0,400,0.46811141307571,-12,2
382,1217,95,[260229.],0,5,0,0,400,0.479287624448693,-10,3
383,95,96,[325645.],0,11,0,0,400,0.408883969742491,-22,0
384,421,96,[270862.],0,2,0,0,400,0.417763484014817,-4,1
385,821,96,[394541.],0,4,0,0,400,0.472602145316432,-8,2
386,1218,96,[260229.],0,3,0,0,400,0.46532173256582,-6,3
387,96,97,[325645.],0,0,0,0,400,0.409686848527303,0,0
388,422,97,[270862.],0,4,0,0,400,0.399447521753375,-8,1
389,822,97,[394541.],0,6,0,0,400,0.467628118871341,-12,2
390,1219,97,[260229.],0,12,0,0,400,0.477133328280627,-24,3
391,97,98,[325645.],0,0,0,0,400,0.411289890635197,0,0
392,423,98,[270862.],0,0,0,0,400,0.402923277036935,0,1
393,823,98,[394541.],0,4,0,0,400,0.466063903889629,-8,2
394,1220,98,[260229.],0,7,0,0,400,0.47595282080578,-14,3
395,98,99,[325645.],0,4,0,0,400,0.406319113266395,-8,0
396,424,99,[270862.],0,0,0,0,400,0.401051636126397,0,1
397,824,99,[394541.],0,2,0,0,400,0.458942139867181,-4,2
398,1221,99,[260229.],0,2,0,0,400,0.481329753486046,-4,3
399,99,100,[325645.],0,18,0,0,400,0.402780806504359,-36,0
400,425,100,[270862.],0,2,0,0,400,0.419034688276759,-4,1
401,825,100,[394541.],0,4,0,0,400,0.455365736706347,-8,2
402,1222,100,[260229.],0,2,0,0,400,0.478804720759027,-4,3
403,100,101,[325645.],0,2,0,0,400,0.407773118575797,-4,0
404,426,101,[270862.],0,34,0,0,400,0.413805357460058,-68,1
405,826,101,[394541.],0,4,0,0,400,0.465565641112955,-8,2
406,1223,101,[260229.],0,6,0,0,400,0.469547528644294,-12,3
407,101,102,[325645.],0,14,0,0,400,0.407433374572722,-28,0
408,427,102,[270862.],0,0,0,0,400,0.418310518819558,0,1
409,827,102,[394541.],1,3,0,0,227,0.615442279688946,-36,2
410,1224,102,[260229.],0,3,0,0,400,0.472816669230898,-6,3
411,102,103,[325645.],0,4,0,0,400,0.410899986045947,-8,0
412,428,103,[270862.],0,13,0,0,400,0.403781050202655,-26,1
413,828,103,[394541.],0,2,0,0,400,0.480698301488283,-4,2
414,1225,103,[260229.],0,6,0,0,400,0.461505655160411,-12,3
415,103,104,[325645.],0,6,0,0,400,0.405787929954889,-12,0
416,429,104,[270862.],0,8,0,0,400,0.398729985316968,-16,1
417,829,104,[394541.],0,4,0,0,400,0.476611478804791,-8,2
418,1226,104,[260229.],0,0,0,0,400,0.45661940346279,0,3
419,104,105,[325645.],0,5,0,0,400,0.40042724840961,-10,0
420,430,105,[270862.],0,5,0,0,400,0.405989280320772,-10,1
421,830,105,[394541.],1,4,0,0,298,0.559770030472203,-38,2
422,1227,105,[260229.],0,4,0,0,400,0.478806498782131,-8,3
423,105,106,[686107.],0,4,0,0,400,0.407127315058682,-8,0
424,431,106,[270862.],0,11,0,0,400,0.397087119474249,-22,1
425,831,106,[394541.],0,6,0,0,400,0.459190243345408,-12,2
426,1228,106,[260229.],0,2,0,0,400,0.465141375469296,-4,3
427,106,107,[686107.],0,9,0,0,400,0.401493922028874,-18,0
428,432,107,[549682.],0,3,0,0,400,0.41256475081619,-6,1
429,832,107,[394541.],1,4,0,0,286,0.530469207666337,-38,2
430,1229,107,[260229.],1,2,0,0,279,0.571961224450082,-34,3
431,107,108,[686107.],0,2,0,0,400,0.412415144439821,-4,0
432,433,108,[549682.],0,22,0,0,400,0.408308567992581,-44,1
433,833,108,[105868.],0,2,0,0,400,0.493659913010381,-4,2
434,1230,108,[260229.],0,4,0,0,400,0.473497475835286,-8,3
435,108,109,[336809.],0,2,0,0,400,0.408980925409975,-4,0
436,434,109,[549682.],0,5,0,0,400,0.409706533128464,-10,1
437,834,109,[105868.],0,2,0,0,400,0.473946079750728,-4,2
438,1231,109,[260229.],0,8,0,0,400,0.463566725042442,-16,3
439,109,110,[336809.],0,2,0,0,400,0.409411506838728,-4,0
440,435,110,[406894.],0,0,0,0,400,0.404866319243814,0,1
441,835,110,[105868.],0,4,0,0,400,0.465643712418155,-8,2
442,1232,110,[260229.],0,4,0,0,400,0.46600200914223,-8,3
443,110,111,[336809.],0,0,0,0,400,0.415889819952419,0,0
444,436,111,[406894.],0,2,0,0,400,0.403329169939067,-4,1
445,836,111,[986323.],0,2,0,0,400,0.480487664776393,-4,2
446,1233,111,[172670.],0,4,0,0,400,0.465463666015108,-8,3
447,111,112,[336809.],0,4,0,0,400,0.41636687874774,-8,0
448,437,112,[406894.],0,2,0,0,400,0.410182453207328,-4,1
449,837,112,[986323.],0,4,0,0,400,0.455265487554617,-8,2
450,1234,112,[172670.],0,2,0,0,400,0.479552806220338,-4,3
451,112,113,[336809.],0,0,0,0,400,0.403940066915696,0,0
452,438,113,[406894.],0,2,0,0,400,0.405403145263758,-4,1
453,838,113,[986323.],1,2,0,0,286,0.554563074308401,-34,2
454,1235,113,[172670.],0,2,0,0,400,0.484873653653257,-4,3
455,113,114,[336809.],0,10,0,0,400,0.421614474880775,-20,0
456,439,114,[406894.],0,5,0,0,400,0.417479866491135,-10,1
457,839,114,[986323.],0,10,0,0,400,0.465207796321878,-20,2
458,1236,114,[522604.],0,2,0,0,400,0.461053902936363,-4,3
459,114,115,[336809.],0,10,0,0,400,0.40808887994254,-20,0
460,440,115,[406894.],0,4,0,0,400,0.402370297564978,-8,1
461,840,115,[986323.],1,4,0,0,283,0.583732087058714,-38,2
462,1237,115,[522604.],0,2,0,0,400,0.479167640097666,-4,3
463,115,116,[336809.],0,4,0,0,400,0.40507782962325,-8,0
464,441,116,[406894.],0,11,0,0,400,0.409417064091915,-22,1
465,841,116,[986323.],0,6,0,0,400,0.468770808008395,-12,2
466,1238,116,[522604.],0,9,0,0,400,0.475100878934073,-18,3
467,116,117,[336809.],0,6,0,0,400,0.410007774114779,-12,0
468,442,117,[406894.],0,10,0,0,400,0.402131506172995,-20,1
469,842,117,[986323.],0,2,0,0,400,0.472627265168982,-4,2
470,1239,117,[522604.],0,6,0,0,400,0.460182416595215,-12,3
471,117,118,[336809.],0,2,0,0,400,0.408374119753547,-4,0
472,443,118,[406894.],0,2,0,0,400,0.417205120836226,-4,1
473,843,118,[986323.],0,6,0,0,400,0.461453252361472,-12,2
474,1240,118,[522604.],0,4,0,0,400,0.470853188089207,-8,3
475,118,119,[336809.],0,2,0,0,400,0.406888220257617,-4,0
476,444,119,[406894.],0,0,0,0,400,0.406697505499726,0,1
477,844,119,[986323.],0,2,0,0,400,0.472743042339852,-4,2
478,1241,119,[522604.],0,4,0,0,400,0.468208172523262,-8,3
479,119,120,[336809.],0,4,0,0,400,0.406261223661452,-8,0
480,445,120,[406894.],0,0,0,0,400,0.409616932529107,0,1
481,845,120,[986323.],0,4,0,0,400,0.456263602526195,-8,2
482,1242,120,[522604.],0,4,0,0,400,0.481217596550611,-8,3
483,120,121,[336809.],0,2,0,0,400,0.410037604185131,-4,0
484,446,121,[406894.],0,2,0,0,400,0.403556736703779,-4,1
485,846,121,[986323.],0,4,0,0,400,0.478498027323786,-8,2
486,1243,121,[522604.],0,2,0,0,400,0.476082801751445,-4,3
487,121,122,[336809.],0,0,0,0,400,0.415584627884357,0,0
488,447,122,[406894.],0,4,0,0,400,0.412487836920068,-8,1
489,847,122,[986323.],0,6,0,0,400,0.464484836088315,-12,2
490,1244,122,[522604.],0,5,0,0,400,0.467426362944803,-10,3
491,122,123,[336809.],0,13,0,0,400,0.403512165871886,-26,0
492,448,123,[406894.],0,3,0,0,400,0.395666156048744,-6,1
493,848,123,[986323.],0,2,0,0,400,0.474215948722664,-4,2
494,1245,123,[522604.],0,0,0,0,400,0.464153045342458,0,3
495,123,124,[336809.],0,6,0,0,400,0.407850306675897,-12,0
496,449,124,[406894.],0,2,0,0,400,0.404243788823125,-4,1
497,849,124,[986323.],0,5,0,0,400,0.467319289009951,-10,2
498,1246,124,[522604.],0,8,0,0,400,0.47775206295725,-16,3
499,124,125,[336809.],0,2,0,0,400,0.408761430782944,-4,0
500,450,125,[406894.],0,19,0,0,400,0.40783611042986,-38,1
501,850,125,[986323.],0,0,0,0,400,0.460505021213128,0,2
502,1247,125,[522604.],0,2,0,0,400,0.464999574212214,-4,3
503,125,126,[336809.],0,2,0,0,400,0.401770224137977,-4,0
504,451,126,[406894.],0,0,0,0,400,0.3955521495509,0,1
505,851,126,[986323.],0,1,0,0,400,0.480383616446245,-2,2
506,1248,126,[522604.],0,0,0,0,400,0.463902582846532,0,3
507,126,127,[336809.],0,0,0,0,400,0.405547985425342,0,0
508,452,127,[406894.],0,2,0,0,400,0.409384428198101,-4,1
509,852,127,[986323.],0,0,0,0,400,0.466739679263231,0,2
510,1249,127,[522604.],0,0,0,0,400,0.467677568357195,0,3
511,127,128,[336809.],0,0,0,0,400,0.403522907710189,0,0
512,453,128,[406894.],0,2,0,0,400,0.414400730408479,-4,1
513,853,128,[986323.],0,0,0,0,400,0.466391732899599,0,2
514,1250,128,[522604.],0,4,0,0,400,0.469943760689986,-8,3
515,128,129,[336809.],0,0,0,0,400,0.409856239401218,0,0
516,454,129,[406894.],0,0,0,0,400,0.402677044132401,0,1
517,854,129,[986323.],0,6,0,0,400,0.482557641248524,-12,2
518,1251,129,[522604.],0,0,0,0,400,0.471680720645567,0,3
519,129,130,[336809.],0,0,0,0,400,0.404129119296629,0,0
520,455,130,[406894.],0,0,0,0,400,0.403914470404224,0,1
521,855,130,[986323.],0,0,0,0,400,0.478583693649387,0,2
522,1252,130,[522604.],0,1,0,0,400,0.466626184624474,-2,3
523,130,131,[336809.],0,0,0,0,400,0.407972370177518,0,0
524,456,131,[406894.],0,0,0,0,400,0.411154316589864,0,1
525,856,131,[986323.],0,2,0,0,400,0.455229728633569,-4,2
526,1253,131,[522604.],0,2,0,0,400,0.465296646843489,-4,3
527,131,132,[336809.],0,0,0,0,400,0.410671512284955,0,0
528,457,132,[406894.],0,0,0,0,400,0.407399213133425,0,1
529,857,132,[986323.],0,2,0,0,400,0.460235319693437,-4,2
530,1254,132,[522604.],0,2,0,0,400,0.469826903109696,-4,3
531,132,133,[336809.],0,2,0,0,400,0.407756118672658,-4,0
532,458,133,[406894.],0,0,0,0,400,0.400629193129536,0,1
533,858,133,[986323.],0,0,0,0,400,0.471663562587086,0,2
534,1255,133,[522604.],0,2,0,0,400,0.469886441523447,-4,3
535,133,134,[336809.],0,2,0,0,400,0.414713699216185,-4,0
536,459,134,[406894.],0,0,0,0,400,0.391220891498702,0,1
537,859,134,[986323.],0,2,0,0,400,0.477096389250831,-4,2
538,1256,134,[522604.],0,0,0,0,400,0.464850759792306,0,3
539,134,135,[336809.],0,4,0,0,400,0.412069919375875,-8,0
540,460,135,[406894.],0,2,0,0,400,0.40792329077293,-4,1
541,860,135,[986323.],0,2,0,0,400,0.474372102310491,-4,2
542,1257,135,[522604.],0,0,0,0,400,0.460748068702366,0,3
543,135,136,[336809.],0,0,0,0,400,0.404875639054425,0,0
544,461,136,[406894.],0,2,0,0,400,0.407643544839089,-4,1
545,861,136,[986323.],0,0,0,0,400,0.457529338707649,0,2
546,1258,136,[522604.],0,0,0,0,400,0.473557015931914,0,3
547,136,137,[336809.],0,0,0,0,400,0.405474361349552,0,0
548,462,137,[406894.],0,0,0,0,400,0.40994406375482,0,1
549,862,137,[986323.],0,0,0,0,400,0.465636615077386,0,2
550,1259,137,[522604.],0,0,0,0,400,0.466607359299075,0,3
551,137,138,[205577.],0,0,0,0,400,0.40541367569156,0,0
552,463,138,[406894.],0,0,0,0,400,0.406916421785439,0,1
553,863,138,[986323.],0,2,0,0,400,0.464950314370742,-4,2
554,1260,138,[522604.],0,0,0,0,400,0.477510571862193,0,3
555,138,139,[205577.],0,0,0,0,400,0.403459076481747,0,0
556,464,139,[362312.],0,0,0,0,400,0.407505501481521,0,1
557,864,139,[986323.],0,0,0,0,400,0.477887177639287,0,2
558,1261,139,[522604.],0,0,0,0,400,0.470021056101395,0,3
559,139,140,[205577.],0,0,0,0,400,0.404561056323529,0,0
560,465,140,[362312.],0,3,0,0,400,0.398498976746085,-6,1
561,865,140,[691807.],0,0,0,0,400,0.472046750978835,0,2
562,1262,140,[522604.],0,0,0,0,400,0.459698027226429,0,3
563,140,141,[205577.],0,0,0,0,400,0.408376719165909,0,0
564,466,141,[362312.],0,0,0,0,400,0.405198094657075,0,1
565,866,141,[691807.],0,0,0,0,400,0.466652749688064,0,2
566,1263,141,[522604.],0,0,0,0,400,0.466510949167173,0,3
567,141,142,[205577.],0,2,0,0,400,0.401795681184484,-4,0
568,467,142,[362312.],0,0,0,0,400,0.405165777465142,0,1
569,867,142,[691807.],0,0,0,0,400,0.475523246503679,0,2
570,1264,142,[522604.],0,0,0,0,400,0.46698278597406,0,3
571,142,143,[205577.],0,0,0,0,400,0.402321846717041,0,0
572,468,143,[362312.],0,0,0,0,400,0.404955393762389,0,1
573,868,143,[691807.],0,0,0,0,400,0.489412668806411,0,2
574,1265,143,[203706.],0,0,0,0,400,0.483562102337057,0,3
575,143,144,[978587.],0,0,0,0,400,0.402962274589157,0,0
576,469,144,[362312.],0,0,0,0,400,0.40580520015633,0,1
577,869,144,[121336.],0,2,0,0,400,0.473534607684778,-4,2
578,1266,144,[203706.],0,0,0,0,400,0.467108263537057,0,3
579,144,145,[978587.],0,0,0,0,400,0.403414193868568,0,0
580,470,145,[79043.],0,0,0,0,400,0.400939819683364,0,1
581,870,145,[121336.],0,0,0,0,400,0.471965022248693,0,2
582,1267,145,[203706.],0,0,0,0,400,0.47372144614715,0,3
583,145,146,[978587.],0,0,0,0,400,0.405107201771772,0,0
584,471,146,[79043.],0,0,0,0,400,0.407825505239201,0,1
585,871,146,[121336.],0,0,0,0,400,0.469691865173763,0,2
586,1268,146,[203706.],0,0,0,0,400,0.475083526940469,0,3
587,146,147,[978587.],0,0,0,0,400,0.404347257146194,0,0
588,472,147,[79043.],0,0,0,0,400,0.410057597783538,0,1
589,872,147,[121336.],0,0,0,0,400,0.466864673259243,0,2
590,1269,147,[203706.],0,0,0,0,400,0.468394294632171,0,3
591,147,148,[978587.],0,0,0,0,400,0.400941286233234,0,0
592,473,148,[79043.],0,0,0,0,400,0.403728559265653,0,1
593,873,148,[121336.],0,0,0,0,400,0.470755055664567,0,2
594,1270,148,[203706.],0,0,0,0,400,0.463375028993423,0,3
595,148,149,[978587.],0,0,0,0,400,0.40553449501354,0,0
596,474,149,[79043.],0,0,0,0,400,0.406791381953902,0,1
597,874,149,[121336.],0,0,0,0,400,0.469300271326767,0,2
598,1271,149,[598065.],0,0,0,0,400,0.436035858440171,0,3
599,149,150,[978587.],0,1,0,0,400,0.401944873296424,-2,0
600,475,150,[79043.],0,0,0,0,400,0.403136936099557,0,1
601,875,150,[121336.],0,0,0,0,400,0.46243009642023,0,2
602,1272,150,[598065.],0,0,0,0,400,0.451914818539833,0,3
603,150,151,[978587.],0,1,0,0,400,0.404483970189437,-2,0
604,476,151,[79043.],0,0,0,0,400,0.40912125041885,0,1
605,876,151,[121336.],0,0,0,0,400,0.463324996825533,0,2
606,1273,151,[598065.],0,0,0,0,400,0.44191671259373,0,3
607,151,152,[978587.],0,0,0,0,400,0.407818336550848,0,0
608,477,152,[79043.],0,0,0,0,400,0.406790011127681,0,1
609,877,152,[121336.],0,0,0,0,400,0.455829287506245,0,2
610,1274,152,[598065.],0,0,0,0,400,0.42960975343864,0,3
611,152,153,[978587.],0,0,0,0,400,0.405389551607733,0,0
612,478,153,[79043.],0,0,0,0,400,0.401601181026954,0,1
613,878,153,[121336.],0,0,0,0,400,0.470000822050462,0,2
614,1275,153,[598065.],0,0,0,0,400,0.438592088842445,0,3
615,153,154,[978587.],0,0,0,0,400,0.40891590270476,0,0
616,479,154,[79043.],0,0,0,0,400,0.40755123278403,0,1
617,879,154,[121336.],0,0,0,0,400,0.474304046797795,0,2
618,1276,154,[598065.],0,0,0,0,400,0.438079601365712,0,3
619,154,155,[978587.],0,0,0,0,400,0.406195676775856,0,0
620,480,155,[79043.],0,0,0,0,400,0.407210071867038,0,1
621,880,155,[121336.],0,0,0,0,400,0.481129892616252,0,2
622,1277,155,[598065.],0,0,0,0,400,0.436369707780486,0,3
623,155,156,[978587.],0,0,0,0,400,0.400188621010291,0,0
624,481,156,[79043.],0,0,0,0,400,0.403059370615297,0,1
625,881,156,[121336.],0,0,0,0,400,0.469676020731903,0,2
626,1278,156,[598065.],0,0,0,0,400,0.437690713243182,0,3
627,156,157,[978587.],0,0,0,0,400,0.405337973316145,0,0
628,482,157,[79043.],0,0,0,0,400,0.40341980783791,0,1
629,882,157,[121336.],0,0,0,0,400,0.470916798020719,0,2
630,1279,157,[598065.],0,0,0,0,400,0.446843621904218,0,3
631,157,158,[978587.],0,0,0,0,400,0.410515632570491,0,0
632,483,158,[79043.],0,3,0,0,400,0.403414024022647,-6,1
633,883,158,[121336.],0,0,0,0,400,0.473418035021187,0,2
634,1280,158,[598065.],0,0,0,0,400,0.437315806806531,0,3
635,158,159,[978587.],0,0,0,0,400,0.406148267686745,0,0
636,484,159,[79043.],0,0,0,0,400,0.40983595388908,0,1
637,884,159,[121336.],0,0,0,0,400,0.462951146401845,0,2
638,1281,159,[598065.],0,0,0,0,400,0.428167062581694,0,3
639,159,160,[978587.],0,0,0,0,400,0.404495834489366,0,0
640,485,160,[79043.],0,0,0,0,400,0.405701728807327,0,1
641,885,160,[121336.],0,0,0,0,400,0.472891367658572,0,2
642,1282,160,[598065.],0,0,0,0,400,0.427277076021203,0,3
643,160,161,[978587.],0,1,0,0,400,0.404237076409495,-2,0
644,486,161,[79043.],0,0,0,0,400,0.407372327761313,0,1
645,886,161,[121336.],0,0,0,0,400,0.468026510227821,0,2
646,1283,161,[598065.],0,0,0,0,400,0.432112529861975,0,3
647,161,162,[978587.],0,0,0,0,400,0.403827798043101,0,0
648,487,162,[79043.],0,0,0,0,400,0.401861345283046,0,1
649,887,162,[121336.],0,0,0,0,400,0.459917704139415,0,2
650,1284,162,[598065.],0,0,0,0,400,0.436424279575635,0,3
651,162,163,[978587.],0,3,0,0,400,0.407394614663452,-6,0
652,488,163,[79043.],0,0,0,0,400,0.397339424147309,0,1
653,888,163,[121336.],0,0,0,0,400,0.486335051028143,0,2
654,1285,163,[598065.],0,0,0,0,400,0.446349728389821,0,3
655,163,164,[978587.],0,0,0,0,400,0.412503450795693,0,0
656,489,164,[79043.],0,6,0,0,400,0.398946537986617,-12,1
657,889,164,[121336.],0,0,0,0,400,0.467288835583129,0,2
658,1286,164,[598065.],0,0,0,0,400,0.428489553911674,0,3
659,164,165,[978587.],0,0,0,0,400,0.407548089626634,0,0
660,490,165,[79043.],0,0,0,0,400,0.4118698949474,0,1
661,890,165,[121336.],0,0,0,0,400,0.473935880315478,0,2
662,1287,165,[598065.],0,0,0,0,400,0.435769004805482,0,3
663,165,166,[416632.],0,0,0,0,400,0.405715469628369,0,0
664,491,166,[79043.],0,0,0,0,400,0.408506574730505,0,1
665,891,166,[121336.],0,1,0,0,400,0.470359069341741,-2,2
666,1288,166,[598065.],0,0,0,0,400,0.444954297922031,0,3
667,166,167,[416632.],0,0,0,0,400,0.401258014349172,0,0
668,492,167,[363731.],0,2,0,0,400,0.406698418831371,-4,1
669,892,167,[637842.],0,10,0,0,400,0.475103043905733,-20,2
670,1289,167,[598065.],0,0,0,0,400,0.433042495264613,0,3
671,167,168,[416632.],0,0,0,0,400,0.400604024476398,0,0
672,493,168,[363731.],0,0,0,0,400,0.403143696520205,0,1
673,893,168,[637842.],0,2,0,0,400,0.469148263145122,-4,2
674,1290,168,[598065.],0,0,0,0,400,0.434092884463252,0,3
675,168,169,[416632.],0,0,0,0,400,0.408223498022009,0,0
676,494,169,[363731.],0,0,0,0,400,0.405635185381182,0,1
677,894,169,[637842.],0,0,0,0,400,0.468012088847523,0,2
678,1291,169,[598065.],0,0,0,0,400,0.432088583436321,0,3
679,169,170,[416632.],0,0,0,0,400,0.407248044248988,0,0
680,495,170,[363731.],0,0,0,0,400,0.405234384264593,0,1
681,895,170,[637842.],0,0,0,0,400,0.481407481068914,0,2
682,1292,170,[598065.],0,0,0,0,400,0.441209732737788,0,3
683,170,171,[416632.],0,0,0,0,400,0.404741386568339,0,0
684,496,171,[363731.],0,0,0,0,400,0.40193770355104,0,1
685,896,171,[637842.],0,0,0,0,400,0.471411159780277,0,2
686,1293,171,[47659.],0,1,0,0,400,0.423246763666662,-2,3
687,171,172,[416632.],0,2,0,0,400,0.396996273830724,-4,0
688,497,172,[363731.],0,0,0,0,400,0.402360226057044,0,1
689,897,172,[637842.],0,0,0,0,400,0.473192870371801,0,2
690,1294,172,[47659.],0,2,0,0,400,0.434977884309524,-4,3
691,172,173,[416632.],0,0,0,0,400,0.39742567849258,0,0
692,498,173,[363731.],0,0,0,0,400,0.39805973734045,0,1
693,898,173,[637842.],0,0,0,0,400,0.474201253301447,0,2
694,1295,173,[47659.],0,1,0,0,400,0.442609572561587,-2,3
695,173,174,[416632.],0,0,0,0,400,0.391481356367358,0,0
696,499,174,[363731.],0,0,0,0,400,0.406601155147832,0,1
697,899,174,[637842.],0,1,0,0,400,0.469175229614758,-2,2
698,1296,174,[47659.],0,0,0,0,400,0.435975700720806,0,3
699,174,175,[416632.],0,0,0,0,400,0.403817629983838,0,0
700,500,175,[363731.],0,0,0,0,400,0.395427981523541,0,1
701,900,175,[637842.],0,0,0,0,400,0.463827731696797,0,2
702,1297,175,[47659.],0,0,0,0,400,0.42889633955364,0,3
703,175,176,[416632.],0,0,0,0,400,0.408359727319659,0,0
704,501,176,[363731.],0,0,0,0,400,0.410106320959672,0,1
705,901,176,[637842.],0,0,0,0,400,0.474930137275491,0,2
706,1298,176,[47659.],0,0,0,0,400,0.444476892424164,0,3
707,176,177,[416632.],0,0,0,0,400,0.402421031057515,0,0
708,502,177,[363731.],0,0,0,0,400,0.398049441248416,0,1
709,902,177,[637842.],0,0,0,0,400,0.472786209282156,0,2
710,1299,177,[47659.],0,0,0,0,400,0.441212551173362,0,3
711,177,178,[416632.],0,0,0,0,400,0.398159260377483,0,0
712,503,178,[363731.],0,0,0,0,400,0.407341378122516,0,1
713,903,178,[637842.],0,0,0,0,400,0.460384026842536,0,2
714,1300,178,[47659.],0,0,0,0,400,0.433208429086066,0,3
715,178,179,[416632.],0,0,0,0,400,0.407789675660409,0,0
716,504,179,[363731.],0,0,0,0,400,0.408232749753692,0,1
717,904,179,[637842.],0,0,0,0,400,0.477878653539784,0,2
718,1301,179,[47659.],0,0,0,0,400,0.442401289144747,0,3
719,179,180,[416632.],0,0,0,0,400,0.403954573947902,0,0
720,505,180,[363731.],0,0,0,0,400,0.405965589416509,0,1
721,905,180,[637842.],0,0,0,0,400,0.469099800609247,0,2
722,1302,180,[47659.],0,0,0,0,400,0.432294835476616,0,3
723,180,181,[416632.],0,0,0,0,400,0.403787326848481,0,0
724,506,181,[363731.],0,0,0,0,400,0.407168568819662,0,1
725,906,181,[637842.],0,0,0,0,400,0.469085236767736,0,2
726,1303,181,[47659.],0,0,0,0,400,0.43611445831133,0,3
727,181,182,[416632.],0,0,0,0,400,0.396973011381432,0,0
728,507,182,[363731.],0,0,0,0,400,0.409624851416215,0,1
729,907,182,[637842.],0,0,0,0,400,0.463011085994475,0,2
730,1304,182,[47659.],0,0,0,0,400,0.435519928950235,0,3
731,182,183,[416632.],0,0,0,0,400,0.411558889334573,0,0
732,508,183,[363731.],0,0,0,0,400,0.406096172717403,0,1
733,908,183,[637842.],0,0,0,0,400,0.464161678448042,0,2
734,1305,183,[47659.],0,0,0,0,400,0.443846852683071,0,3
735,183,184,[416632.],0,0,0,0,400,0.399713181737237,0,0
736,509,184,[363731.],0,0,0,0,400,0.408411324327026,0,1
737,909,184,[637842.],0,0,0,0,400,0.463964958554655,0,2
738,1306,184,[47659.],0,0,0,0,400,0.440228906252906,0,3
739,184,185,[416632.],0,0,0,0,400,0.397123434700245,0,0
740,510,185,[363731.],0,0,0,0,400,0.402172058384855,0,1
741,910,185,[637842.],0,0,0,0,400,0.476550055691462,0,2
742,1307,185,[47659.],0,0,0,0,400,0.441140305219906,0,3
743,185,186,[416632.],0,0,0,0,400,0.394167500332439,0,0
744,511,186,[363731.],0,0,0,0,400,0.407200314100204,0,1
745,911,186,[637842.],0,0,0,0,400,0.472148927250987,0,2
746,1308,186,[47659.],0,0,0,0,400,0.446861853606033,0,3
747,186,187,[416632.],0,0,0,0,400,0.399230505174612,0,0
748,512,187,[363731.],0,0,0,0,400,0.392465069972909,0,1
749,912,187,[637842.],0,0,0,0,400,0.460165428957457,0,2
750,1309,187,[47659.],0,0,0,0,400,0.443644962119318,0,3
751,187,188,[416632.],0,1,0,0,400,0.398251499192231,-2,0
752,513,188,[363731.],0,0,0,0,400,0.405247404958273,0,1
753,913,188,[637842.],0,0,0,0,400,0.479142624339271,0,2
754,1310,188,[47659.],0,0,0,0,400,0.450620135798861,0,3
755,188,189,[988978.],0,0,0,0,400,0.399564466442424,0,0
756,514,189,[363731.],0,0,0,0,400,0.39562837384593,0,1
757,914,189,[637842.],0,0,0,0,400,0.469545417267507,0,2
758,1311,189,[47659.],0,0,0,0,400,0.435558994761699,0,3
759,189,190,[988978.],0,2,0,0,400,0.395318102168703,-4,0
760,515,190,[264642.],0,0,0,0,400,0.410655719470472,0,1
761,915,190,[919338.],0,0,0,0,400,0.468290267363543,0,2
762,1312,190,[47659.],0,0,0,0,400,0.44121491569549,0,3
763,190,191,[988978.],0,0,0,0,400,0.409322292648522,0,0
764,516,191,[264642.],0,0,0,0,400,0.405302585416656,0,1
765,916,191,[919338.],0,0,0,0,400,0.464666739477269,0,2
766,1313,191,[47659.],0,0,0,0,400,0.445718306968341,0,3
767,191,192,[988978.],0,0,0,0,400,0.40987243302157,0,0
768,517,192,[264642.],0,0,0,0,400,0.402218164364928,0,1
769,917,192,[919338.],0,0,0,0,400,0.462978300574066,0,2
770,1314,192,[47659.],0,0,0,0,400,0.442452272180262,0,3
771,192,193,[988978.],0,0,0,0,400,0.404789815116048,0,0
772,518,193,[264642.],0,0,0,0,400,0.398144944553021,0,1
773,918,193,[919338.],0,0,0,0,400,0.477969772054941,0,2
774,1315,193,[47659.],0,0,0,0,400,0.442219218118896,0,3
775,193,194,[988978.],0,0,0,0,400,0.399366018257229,0,0
776,519,194,[264642.],0,0,0,0,400,0.405183662896825,0,1
777,919,194,[919338.],0,0,0,0,400,0.46789495752671,0,2
778,1316,194,[611546.],0,0,0,0,400,0.447803554392011,0,3
779,194,195,[988978.],0,0,0,0,400,0.404586043978654,0,0
780,520,195,[264642.],0,0,0,0,400,0.403078174710425,0,1
781,920,195,[919338.],0,0,0,0,400,0.481096017146278,0,2
782,1317,195,[611546.],0,0,0,0,400,0.438975321890712,0,3
783,195,196,[988978.],0,0,0,0,400,0.401885060143212,0,0
784,521,196,[264642.],0,0,0,0,400,0.388675800638323,0,1
785,921,196,[919338.],0,0,0,0,400,0.46797689266691,0,2
786,1318,196,[611546.],0,0,0,0,400,0.432312015062238,0,3
787,196,197,[988978.],0,0,0,0,400,0.402892924561522,0,0
788,522,197,[264642.],0,0,0,0,400,0.403966098335951,0,1
789,922,197,[919338.],0,0,0,0,400,0.483025603082947,0,2
790,1319,197,[611546.],0,0,0,0,400,0.443678859707062,0,3
791,197,198,[988978.],0,0,0,0,400,0.395568506684397,0,0
792,523,198,[264642.],0,0,0,0,400,0.405655324676243,0,1
793,923,198,[919338.],0,0,0,0,400,0.487684622450686,0,2
794,1320,198,[611546.],0,0,0,0,400,0.441574670922478,0,3
795,198,199,[988978.],0,0,0,0,400,0.398896133074746,0,0
796,524,199,[264642.],0,0,0,0,400,0.399642525136448,0,1
797,924,199,[919338.],0,0,0,0,400,0.484602115036432,0,2
798,1321,199,[611546.],0,0,0,0,400,0.441077003570908,0,3
799,199,200,[988978.],0,0,0,0,400,0.399615927965241,0,0
800,525,200,[264642.],0,0,0,0,400,0.407053816933828,0,1
801,925,200,[919338.],0,0,0,0,400,0.461843287659346,0,2
802,1322,200,[611546.],0,0,0,0,400,0.440275753784514,0,3
803,200,201,[988978.],0,0,0,0,400,0.398109857633884,0,0
804,526,201,[264642.],0,0,0,0,400,0.404308559226933,0,1
805,926,201,[919338.],0,0,0,0,400,0.466216512562148,0,2
806,1323,201,[611546.],0,0,0,0,400,0.435553449370031,0,3
807,201,202,[988978.],0,0,0,0,400,0.395945521739672,0,0
808,527,202,[264642.],0,0,0,0,400,0.406367486993423,0,1
809,927,202,[919338.],0,0,0,0,400,0.475507957886939,0,2
810,1324,202,[611546.],0,0,0,0,400,0.436876596551795,0,3
811,202,203,[988978.],0,0,0,0,400,0.399494887267915,0,0
812,528,203,[264642.],0,0,0,0,400,0.398744287471021,0,1
813,928,203,[919338.],0,0,0,0,400,0.461494707568828,0,2
814,1325,203,[611546.],0,0,0,0,400,0.424217813545674,0,3
815,203,204,[988978.],0,0,0,0,400,0.405803173369976,0,0
816,529,204,[264642.],0,0,0,0,400,0.397888551236107,0,1
817,929,204,[919338.],0,0,0,0,400,0.463592988195333,0,2
818,1326,204,[611546.],0,0,0,0,400,0.440209285336636,0,3
819,204,205,[988978.],0,0,0,0,400,0.401206665820567,0,0
820,530,205,[264642.],0,0,0,0,400,0.406549598996212,0,1
821,930,205,[919338.],0,0,0,0,400,0.462442500905051,0,2
822,1327,205,[611546.],0,0,0,0,400,0.440066557634425,0,3
823,205,206,[988978.],0,0,0,0,400,0.398758737046616,0,0
824,531,206,[264642.],0,0,0,0,400,0.409238795282756,0,1
825,931,206,[919338.],0,0,0,0,400,0.473897004523809,0,2
826,1328,206,[611546.],0,0,0,0,400,0.436376878613554,0,3
827,206,207,[988978.],0,0,0,0,400,0.407730220609978,0,0
828,532,207,[264642.],0,0,0,0,400,0.401812337423782,0,1
829,932,207,[919338.],0,0,0,0,400,0.468484183562572,0,2
830,1329,207,[611546.],0,0,0,0,400,0.442991846996162,0,3
831,207,208,[988978.],0,0,0,0,400,0.408846410102763,0,0
832,533,208,[264642.],0,0,0,0,400,0.403547517793874,0,1
833,933,208,[919338.],0,0,0,0,400,0.462817006239238,0,2
834,1330,208,[611546.],0,0,0,0,400,0.438055055625092,0,3
835,208,209,[988978.],0,0,0,0,400,0.410235372559253,0,0
836,534,209,[264642.],0,0,0,0,400,0.397068160369143,0,1
837,934,209,[919338.],0,0,0,0,400,0.47850875599526,0,2
838,1331,209,[611546.],0,0,0,0,400,0.451638656499425,0,3
839,209,210,[988978.],0,0,0,0,400,0.403467565241309,0,0
840,535,210,[264642.],0,0,0,0,400,0.404408036797681,0,1
841,935,210,[919338.],0,0,0,0,400,0.470354867752904,0,2
842,1332,210,[611546.],0,0,0,0,400,0.445215443251144,0,3
843,210,211,[988978.],0,0,0,0,400,0.389403899277273,0,0
844,536,211,[264642.],0,0,0,0,400,0.396673027581154,0,1
845,936,211,[919338.],0,0,0,0,400,0.466322048960295,0,2
846,1333,211,[611546.],0,0,0,0,400,0.447725217671513,0,3
847,211,212,[988978.],0,0,0,0,400,0.397849299189919,0,0
848,537,212,[264642.],0,0,0,0,400,0.402812521194609,0,1
849,937,212,[919338.],0,0,0,0,400,0.473240973998463,0,2
850,1334,212,[611546.],0,0,0,0,400,0.444620911178532,0,3
851,212,213,[318112.],0,0,0,0,400,0.404560938358041,0,0
852,538,213,[264642.],0,0,0,0,400,0.410714947363451,0,1
853,938,213,[919338.],0,0,0,0,400,0.471000559334657,0,2
854,1335,213,[611546.],0,0,0,0,400,0.448309672161574,0,3
855,213,214,[318112.],0,0,0,0,400,0.39612312689444,0,0
856,539,214,[990771.],0,0,0,0,400,0.403124002837245,0,1
857,939,214,[751883.],0,0,0,0,400,0.473474706584726,0,2
858,1336,214,[611546.],0,0,0,0,400,0.44202161895806,0,3
859,214,215,[318112.],0,0,0,0,400,0.408820067777673,0,0
860,540,215,[990771.],0,0,0,0,400,0.397130171669867,0,1
861,940,215,[751883.],0,0,0,0,400,0.465743483829188,0,2
862,1337,215,[611546.],0,0,0,0,400,0.448158313688879,0,3
863,215,216,[318112.],0,0,0,0,400,0.396254445492789,0,0
864,541,216,[990771.],0,0,0,0,400,0.396922039305926,0,1
865,941,216,[751883.],0,0,0,0,400,0.460559429594219,0,2
866,1338,216,[611546.],0,0,0,0,400,0.433279838343573,0,3
867,216,217,[318112.],0,0,0,0,400,0.402539169634969,0,0
868,542,217,[990771.],0,0,0,0,400,0.399092686088569,0,1
869,942,217,[751883.],0,0,0,0,400,0.469273760285213,0,2
870,1339,217,[611546.],0,0,0,0,400,0.43227073838691,0,3
871,217,218,[318112.],0,0,0,0,400,0.399245269744047,0,0
872,543,218,[990771.],0,0,0,0,400,0.402857454587044,0,1
873,943,218,[751883.],0,0,0,0,400,0.48065560245642,0,2
874,1340,218,[398901.],0,0,0,0,400,0.445286356664729,0,3
875,218,219,[318112.],0,0,0,0,400,0.409576278967667,0,0
876,544,219,[990771.],0,0,0,0,400,0.40435210476714,0,1
877,944,219,[751883.],0,0,0,0,400,0.474600812014236,0,2
878,1341,219,[398901.],0,0,0,0,400,0.450758483321777,0,3
879,219,220,[318112.],0,0,0,0,400,0.411262517291074,0,0
880,545,220,[990771.],0,0,0,0,400,0.397071351026341,0,1
881,945,220,[751883.],0,0,0,0,400,0.477965515740576,0,2
882,1342,220,[398901.],0,0,0,0,400,0.435581829435196,0,3
883,220,221,[318112.],0,0,0,0,400,0.403115172172375,0,0
884,546,221,[990771.],0,0,0,0,400,0.408820532201351,0,1
885,946,221,[751883.],0,0,0,0,400,0.461883817601147,0,2
886,1343,221,[398901.],0,0,0,0,400,0.432553544145494,0,3
887,221,222,[318112.],0,0,0,0,400,0.41202584122201,0,0
888,547,222,[990771.],0,0,0,0,400,0.3955188062191,0,1
889,947,222,[751883.],0,0,0,0,400,0.479021896103256,0,2
890,1344,222,[398901.],0,0,0,0,400,0.442489668615001,0,3
891,222,223,[318112.],0,0,0,0,400,0.403061372247041,0,0
892,548,223,[990771.],0,0,0,0,400,0.397589557490276,0,1
893,948,223,[751883.],0,0,0,0,400,0.465733750232725,0,2
894,1345,223,[398901.],0,0,0,0,400,0.45218875885896,0,3
895,223,224,[318112.],0,0,0,0,400,0.409405397810894,0,0
896,549,224,[990771.],0,0,0,0,400,0.409485946727197,0,1
897,949,224,[751883.],0,0,0,0,400,0.458844921300463,0,2
898,1346,224,[398901.],0,0,0,0,400,0.44337916590531,0,3
899,224,225,[318112.],0,0,0,0,400,0.410130428472373,0,0
900,550,225,[990771.],0,0,0,0,400,0.399295794422936,0,1
901,950,225,[751883.],0,0,0,0,400,0.475943136007247,0,2
902,1347,225,[398901.],0,0,0,0,400,0.444870379933347,0,3
903,225,226,[318112.],0,0,0,0,400,0.401720799279145,0,0
904,551,226,[990771.],0,0,0,0,400,0.408689834912706,0,1
905,951,226,[751883.],0,0,0,0,400,0.459953410159764,0,2
906,1348,226,[398901.],0,0,0,0,400,0.44350110762837,0,3
907,226,227,[318112.],0,0,0,0,400,0.394666869713972,0,0
908,552,227,[990771.],0,0,0,0,400,0.400305029557166,0,1
909,952,227,[751883.],0,0,0,0,400,0.464918152486523,0,2
910,1349,227,[398901.],0,0,0,0,400,0.44744673480347,0,3
911,227,228,[318112.],0,0,0,0,400,0.399102405482594,0,0
912,553,228,[990771.],0,0,0,0,400,0.409325953885692,0,1
913,953,228,[751883.],0,0,0,0,400,0.457604751660382,0,2
914,1350,228,[398901.],0,0,0,0,400,0.449464145669825,0,3
915,228,229,[318112.],0,0,0,0,400,0.402796275270216,0,0
916,554,229,[990771.],0,0,0,0,400,0.396716665654139,0,1
917,954,229,[751883.],0,0,0,0,400,0.46952704482122,0,2
918,1351,229,[398901.],0,0,0,0,400,0.444095259142249,0,3
919,229,230,[318112.],0,0,0,0,400,0.398734040300231,0,0
920,555,230,[990771.],0,0,0,0,400,0.392666529315784,0,1
921,955,230,[751883.],0,0,0,0,400,0.468161629310077,0,2
922,1352,230,[398901.],0,0,0,0,400,0.433575795993585,0,3
923,230,231,[318112.],0,0,0,0,400,0.409201263134774,0,0
924,556,231,[990771.],0,0,0,0,400,0.400624905816464,0,1
925,956,231,[751883.],0,0,0,0,400,0.468387350224188,0,2
926,1353,231,[398901.],0,0,0,0,400,0.449365341260167,0,3
927,231,232,[318112.],0,0,0,0,400,0.408046587468322,0,0
928,557,232,[990771.],0,0,0,0,400,0.41046174816711,0,1
929,957,232,[751883.],0,0,0,0,400,0.460257174439082,0,2
930,1354,232,[398901.],0,0,0,0,400,0.442088268474763,0,3
931,232,233,[318112.],0,0,0,0,400,0.408540096870647,0,0
932,558,233,[990771.],0,0,0,0,400,0.397844604771252,0,1
933,958,233,[751883.],0,0,0,0,400,0.466390040283701,0,2
934,1355,233,[398901.],0,0,0,0,400,0.444165028437138,0,3
935,233,234,[318112.],0,0,0,0,400,0.398367428059253,0,0
936,559,234,[990771.],0,0,0,0,400,0.398580673937916,0,1
937,959,234,[751883.],0,0,0,0,400,0.461953072737209,0,2
938,1356,234,[398901.],0,0,0,0,400,0.443608860944179,0,3
939,234,235,[318112.],0,0,0,0,400,0.401590844202129,0,0
940,560,235,[990771.],0,0,0,0,400,0.405078981147557,0,1
941,960,235,[751883.],0,0,0,0,400,0.467010255829454,0,2
942,1357,235,[398901.],0,0,0,0,400,0.447805087945999,0,3
943,235,236,[318112.],0,0,0,0,400,0.404701951675508,0,0
944,561,236,[990771.],0,0,0,0,400,0.403313050238388,0,1
945,961,236,[751883.],0,0,0,0,400,0.472529794666102,0,2
946,1358,236,[398901.],0,0,0,0,400,0.448368296121232,0,3
947,236,237,[575415.],0,0,0,0,400,0.412282986732234,0,0
948,562,237,[990771.],0,0,0,0,400,0.398769027206897,0,1
949,962,237,[751883.],0,0,0,0,400,0.469172476300466,0,2
950,1359,237,[398901.],0,0,0,0,400,0.444791647233843,0,3
951,237,238,[575415.],0,0,0,0,400,0.405014160023847,0,0
952,563,238,[948021.],0,0,0,0,400,0.398199490412137,0,1
953,963,238,[662877.],0,0,0,0,400,0.460304417263031,0,2
954,1360,238,[398901.],0,0,0,0,400,0.433432548648525,0,3
955,238,239,[575415.],0,0,0,0,400,0.400900910579174,0,0
956,564,239,[948021.],0,0,0,0,400,0.408824589845481,0,1
957,964,239,[662877.],0,0,0,0,400,0.479126734399358,0,2
958,1361,239,[398901.],0,0,0,0,400,0.447733605871506,0,3
959,239,240,[575415.],0,0,0,0,400,0.396073968580298,0,0
960,565,240,[948021.],0,0,0,0,400,0.405659289265375,0,1
961,965,240,[662877.],0,0,0,0,400,0.475189911250859,0,2
962,1362,240,[398901.],0,0,0,0,400,0.437029954385152,0,3
963,240,241,[575415.],0,0,0,0,400,0.400805328759251,0,0
964,566,241,[948021.],0,0,0,0,400,0.400322784742625,0,1
965,966,241,[662877.],0,0,0,0,400,0.460416712873397,0,2
966,1363,241,[398901.],0,0,0,0,400,0.440900769763499,0,3
967,241,242,[575415.],0,0,0,0,400,0.396512326203555,0,0
968,567,242,[948021.],0,0,0,0,400,0.393077467242277,0,1
969,967,242,[662877.],0,0,0,0,400,0.467362826935957,0,2
970,1364,242,[863.],0,0,0,0,400,0.448944129749692,0,3
971,242,243,[575415.],0,0,0,0,400,0.403281840325337,0,0
972,568,243,[948021.],0,0,0,0,400,0.400159906810807,0,1
973,968,243,[662877.],0,0,0,0,400,0.462537599032001,0,2
974,1365,243,[863.],0,0,0,0,400,0.44541392497234,0,3
975,243,244,[575415.],0,0,0,0,400,0.397933631366853,0,0
976,569,244,[948021.],0,0,0,0,400,0.395706595437987,0,1
977,969,244,[662877.],0,0,0,0,400,0.471621980404318,0,2
978,1366,244,[863.],0,0,0,0,400,0.446816195470577,0,3
979,244,245,[575415.],0,0,0,0,400,0.395764764000998,0,0
980,570,245,[948021.],0,0,0,0,400,0.416074819497408,0,1
981,970,245,[662877.],0,0,0,0,400,0.471267231517363,0,2
982,1367,245,[863.],0,0,0,0,400,0.449403156012465,0,3
983,245,246,[575415.],0,0,0,0,400,0.399039825252748,0,0
984,571,246,[948021.],0,0,0,0,400,0.398695591606941,0,1
985,971,246,[662877.],0,0,0,0,400,0.472546141860522,0,2
986,1368,246,[863.],0,0,0,0,400,0.442069400550528,0,3
987,246,247,[575415.],0,0,0,0,400,0.394316293869571,0,0
988,572,247,[948021.],0,0,0,0,400,0.411645337468219,0,1
989,972,247,[662877.],0,0,0,0,400,0.467628297935892,0,2
990,1369,247,[863.],0,0,0,0,400,0.439187047149066,0,3
991,247,248,[575415.],0,0,0,0,400,0.406522006881954,0,0
992,573,248,[948021.],0,0,0,0,400,0.407016575212469,0,1
993,973,248,[662877.],0,0,0,0,400,0.464223056150506,0,2
994,1370,248,[863.],0,0,0,0,400,0.453448725107714,0,3
995,248,249,[575415.],0,0,0,0,400,0.394732835893488,0,0
996,574,249,[948021.],0,0,0,0,400,0.402643443001698,0,1
997,974,249,[662877.],0,0,0,0,400,0.474799781604795,0,2
998,1371,249,[863.],0,0,0,0,400,0.445642125929522,0,3
999,249,250,[575415.],0,0,0,0,400,0.404566178145659,0,0
1000,575,250,[948021.],0,0,0,0,400,0.394682852415118,0,1
1001,975,250,[662877.],0,0,0,0,400,0.473483585694813,0,2
1002,1372,250,[863.],0,0,0,0,400,0.448415972196067,0,3
1003,250,251,[575415.],0,0,0,0,400,0.415256112882938,0,0
1004,576,251,[948021.],0,0,0,0,400,0.404114374065424,0,1
1005,976,251,[662877.],0,0,0,0,400,0.463343615350026,0,2
1006,1373,251,[863.],0,0,0,0,400,0.445455084551948,0,3
1007,251,252,[575415.],0,0,0,0,400,0.408836842684733,0,0
1008,577,252,[948021.],0,0,0,0,400,0.403004902017161,0,1
1009,977,252,[662877.],0,0,0,0,400,0.467057793999317,0,2
1010,1374,252,[863.],0,0,0,0,400,0.441302821835834,0,3
1011,252,253,[575415.],0,0,0,0,400,0.396173266323828,0,0
1012,578,253,[948021.],0,0,0,0,400,0.404179891606952,0,1
1013,978,253,[662877.],0,0,0,0,400,0.474444316500762,0,2
1014,1375,253,[863.],0,0,0,0,400,0.438130098160848,0,3
1015,253,254,[575415.],0,0,0,0,400,0.396008702293135,0,0
1016,579,254,[948021.],0,0,0,0,400,0.403277847824545,0,1
1017,979,254,[662877.],0,0,0,0,400,0.465702646545298,0,2
1018,1376,254,[863.],0,0,0,0,400,0.441983264907629,0,3
1019,254,255,[575415.],0,0,0,0,400,0.409244621736963,0,0
1020,580,255,[948021.],0,0,0,0,400,0.398966926106171,0,1
1021,980,255,[662877.],0,0,0,0,400,0.460921803119069,0,2
1022,1377,255,[863.],0,0,0,0,400,0.438444647396918,0,3
1023,255,256,[575415.],0,0,0,0,400,0.406440357861116,0,0
1024,581,256,[948021.],0,0,0,0,400,0.401356860370018,0,1
1025,981,256,[662877.],0,0,0,0,400,0.466315533959269,0,2
1026,1378,256,[863.],0,0,0,0,400,0.43483411260134,0,3
1027,256,257,[575415.],0,0,0,0,400,0.40389798248296,0,0
1028,582,257,[948021.],0,0,0,0,400,0.404480609111095,0,1
1029,982,257,[662877.],0,0,0,0,400,0.469138016968912,0,2
1030,1379,257,[863.],0,0,0,0,400,0.443684190713768,0,3
1031,257,258,[575415.],0,0,0,0,400,0.40747366070957,0,0
1032,583,258,[948021.],0,0,0,0,400,0.40405688330165,0,1
1033,983,258,[662877.],0,0,0,0,400,0.47745504485165,0,2
1034,1380,258,[863.],0,0,0,0,400,0.43820423192738,0,3
1035,258,259,[575415.],0,0,0,0,400,0.400374152979751,0,0
1036,584,259,[948021.],0,0,0,0,400,0.402410353808343,0,1
1037,984,259,[662877.],0,0,0,0,400,0.468231515376025,0,2
1038,1381,259,[863.],0,0,0,0,400,0.440773243995357,0,3
1039,259,260,[575415.],0,0,0,0,400,0.408961036027817,0,0
1040,585,260,[948021.],0,0,0,0,400,0.404710176548959,0,1
1041,985,260,[662877.],0,0,0,0,400,0.461241948463928,0,2
1042,1382,260,[863.],0,0,0,0,400,0.435576903869071,0,3
1043,260,261,[637568.],0,0,0,0,400,0.403205147840654,0,0
1044,586,261,[948021.],0,0,0,0,400,0.40812959338617,0,1
1045,986,261,[662877.],0,0,0,0,400,0.471288014350253,0,2
1046,1383,261,[863.],0,0,0,0,400,0.4357937385202,0,3
1047,261,262,[637568.],0,0,0,0,400,0.398228916996474,0,0
1048,587,262,[898078.],0,0,0,0,400,0.404728233560913,0,1
1049,987,262,[894594.],0,0,0,0,400,0.459167182234666,0,2
1050,1384,262,[863.],0,0,0,0,400,0.450648826474507,0,3
1051,262,263,[637568.],0,0,0,0,400,0.406593703580852,0,0
1052,588,263,[898078.],0,0,0,0,400,0.398293891148865,0,1
1053,988,263,[894594.],0,0,0,0,400,0.468560434065006,0,2
1054,1385,263,[863.],0,0,0,0,400,0.443281688598322,0,3
1055,263,264,[637568.],0,0,0,0,400,0.395737572642548,0,0
1056,589,264,[898078.],0,0,0,0,400,0.398696261192573,0,1
1057,989,264,[894594.],0,0,0,0,400,0.474539431028274,0,2
1058,1386,264,[863.],0,0,0,0,400,0.452620759905183,0,3
1059,264,265,[637568.],0,0,0,0,400,0.407798237351676,0,0
1060,590,265,[898078.],0,0,0,0,400,0.403715377354496,0,1
1061,990,265,[894594.],0,0,0,0,400,0.460366113088919,0,2
1062,1387,265,[863.],0,0,0,0,400,0.440115119398358,0,3
1063,265,266,[637568.],0,0,0,0,400,0.402428400921107,0,0
1064,591,266,[898078.],0,0,0,0,400,0.4081033357677,0,1
1065,991,266,[894594.],0,0,0,0,400,0.470408602875158,0,2
1066,1388,266,[378.],0,0,0,0,400,0.44979900983236,0,3
1067,266,267,[637568.],0,0,0,0,400,0.403742582035496,0,0
1068,592,267,[898078.],0,0,0,0,400,0.40672726648818,0,1
1069,992,267,[894594.],0,0,0,0,400,0.471296156450993,0,2
1070,1389,267,[378.],0,0,0,0,400,0.458387837636317,0,3
1071,267,268,[637568.],0,0,0,0,400,0.409370493369825,0,0
1072,593,268,[898078.],0,0,0,0,400,0.400542248810941,0,1
1073,993,268,[894594.],0,0,0,0,400,0.468781631985103,0,2
1074,1390,268,[378.],0,0,0,0,400,0.444110782563754,0,3
1075,268,269,[637568.],0,0,0,0,400,0.401328201930452,0,0
1076,594,269,[898078.],0,0,0,0,400,0.406512208922898,0,1
1077,994,269,[894594.],0,0,0,0,400,0.469873023132666,0,2
1078,1391,269,[378.],0,0,0,0,400,0.450732795669861,0,3
1079,269,270,[637568.],0,0,0,0,400,0.406667138456985,0,0
1080,595,270,[898078.],0,0,0,0,400,0.392037427600227,0,1
1081,995,270,[894594.],0,0,0,0,400,0.467667923279186,0,2
1082,1392,270,[378.],0,0,0,0,400,0.442589433402637,0,3
1083,270,271,[637568.],0,0,0,0,400,0.405643730449994,0,0
1084,596,271,[898078.],0,0,0,0,400,0.402184365295498,0,1
1085,996,271,[894594.],0,0,0,0,400,0.466849125382612,0,2
1086,1393,271,[378.],0,0,0,0,400,0.448466688572818,0,3
1087,271,272,[637568.],0,0,0,0,400,0.404794802842366,0,0
1088,597,272,[898078.],0,0,0,0,400,0.410530912475922,0,1
1089,997,272,[894594.],0,0,0,0,400,0.467676695333425,0,2
1090,1394,272,[378.],0,0,0,0,400,0.441544400198998,0,3
1091,272,273,[637568.],0,0,0,0,400,0.400360210213152,0,0
1092,598,273,[898078.],0,0,0,0,400,0.403624633993158,0,1
1093,998,273,[894594.],0,0,0,0,400,0.472540829253031,0,2
1094,1395,273,[378.],0,0,0,0,400,0.442893327335949,0,3
1095,273,274,[637568.],0,0,0,0,400,0.407767384606436,0,0
1096,599,274,[898078.],0,0,0,0,400,0.402224305000013,0,1
1097,999,274,[894594.],0,0,0,0,400,0.467169966562547,0,2
1098,1396,274,[378.],0,0,0,0,400,0.442175713881288,0,3
1099,274,275,[637568.],0,0,0,0,400,0.401564204197061,0,0
1100,600,275,[898078.],0,0,0,0,400,0.403212107453961,0,1
1101,1000,275,[894594.],0,0,0,0,400,0.463306795541311,0,2
1102,1397,275,[378.],0,0,0,0,400,0.449145753434892,0,3
1103,275,276,[637568.],0,0,0,0,400,0.405004007222046,0,0
1104,601,276,[898078.],0,0,0,0,400,0.404086288136968,0,1
1105,1001,276,[894594.],0,0,0,0,400,0.469776268631856,0,2
1106,1398,276,[378.],0,0,0,0,400,0.437784239643525,0,3
1107,276,277,[637568.],0,0,0,0,400,0.405507603785144,0,0
1108,602,277,[898078.],0,0,0,0,400,0.401299374642532,0,1
1109,1002,277,[894594.],0,0,0,0,400,0.462034911480231,0,2
1110,1399,277,[378.],0,0,0,0,400,0.445660230123677,0,3
1111,277,278,[637568.],0,0,0,0,400,0.404321512021842,0,0
1112,603,278,[898078.],0,0,0,0,400,0.393566760476571,0,1
1113,1003,278,[894594.],0,0,0,0,400,0.481450081788039,0,2
1114,1400,278,[378.],0,0,0,0,400,0.441978046276575,0,3
1115,278,279,[637568.],0,0,0,0,400,0.409040066781417,0,0
1116,604,279,[898078.],0,0,0,0,400,0.408763091470154,0,1
1117,1004,279,[894594.],0,0,0,0,400,0.478792294096913,0,2
1118,1401,279,[378.],0,0,0,0,400,0.443924105848617,0,3
1119,279,280,[637568.],0,0,0,0,400,0.40804618894285,0,0
1120,605,280,[898078.],0,0,0,0,400,0.394874069448428,0,1
1121,1005,280,[894594.],0,0,0,0,400,0.470789642223318,0,2
1122,1402,280,[378.],0,0,0,0,400,0.447559828045059,0,3
1123,280,281,[637568.],0,0,0,0,400,0.406868384619779,0,0
1124,606,281,[898078.],0,0,0,0,400,0.406767428337319,0,1
1125,1006,281,[894594.],0,0,0,0,400,0.465572145128304,0,2
1126,1403,281,[378.],0,0,0,0,400,0.449352417726077,0,3
1127,281,282,[637568.],0,0,0,0,400,0.391700943332963,0,0
1128,607,282,[898078.],0,0,0,0,400,0.402560115550887,0,1
1129,1007,282,[894594.],0,0,0,0,400,0.468179823266175,0,2
1130,1404,282,[378.],0,0,0,0,400,0.452194204394646,0,3
1131,282,283,[637568.],0,0,0,0,400,0.400568296695858,0,0
1132,608,283,[898078.],0,0,0,0,400,0.407369390125216,0,1
1133,1008,283,[894594.],0,0,0,0,400,0.470929771111772,0,2
1134,1405,283,[378.],0,0,0,0,400,0.443928704858389,0,3
1135,283,284,[637568.],0,0,0,0,400,0.397288856387907,0,0
1136,609,284,[898078.],0,0,0,0,400,0.406098095076677,0,1
1137,1009,284,[894594.],0,0,0,0,400,0.468342996908364,0,2
1138,1406,284,[378.],0,0,0,0,400,0.447919240829173,0,3
1139,284,285,[575415.],0,0,0,0,400,0.397933631366853,0,0
1140,610,285,[363731.],0,0,0,0,400,0.405234384264593,0,1
1141,1010,285,[894594.],0,0,0,0,400,0.46756225932799,0,2
1142,1407,285,[378.],0,0,0,0,400,0.435200097332393,0,3
1143,285,286,[575415.],0,0,0,0,400,0.395764764000998,0,0
1144,611,286,[363731.],0,0,0,0,400,0.40193770355104,0,1
1145,1011,286,[637842.],0,0,0,0,400,0.463827731696797,0,2
1146,1408,286,[378.],0,0,0,0,400,0.443190382544602,0,3
1147,286,287,[575415.],0,0,0,0,400,0.399039825252748,0,0
1148,612,287,[363731.],0,0,0,0,400,0.402360226057044,0,1
1149,1012,287,[637842.],0,0,0,0,400,0.474930137275491,0,2
1150,1409,287,[378.],0,0,0,0,400,0.446907467398657,0,3
1151,287,288,[575415.],0,0,0,0,400,0.394316293869571,0,0
1152,613,288,[363731.],0,0,0,0,400,0.39805973734045,0,1
1153,1013,288,[637842.],0,0,0,0,400,0.472786209282156,0,2
1154,1410,288,[378.],0,0,0,0,400,0.438155102411587,0,3
1155,288,289,[575415.],0,0,0,0,400,0.406522006881954,0,0
1156,614,289,[363731.],0,0,0,0,400,0.406601155147832,0,1
1157,1014,289,[637842.],0,0,0,0,400,0.460384026842536,0,2
1158,1411,289,[378.],0,0,0,0,400,0.443508551552249,0,3
1159,289,290,[575415.],0,0,0,0,400,0.394732835893488,0,0
1160,615,290,[363731.],0,0,0,0,400,0.395427981523541,0,1
1161,1015,290,[637842.],0,0,0,0,400,0.477878653539784,0,2
1162,1412,290,[47659.],0,0,0,0,400,0.435519928950235,0,3
1163,290,291,[575415.],0,0,0,0,400,0.404566178145659,0,0
1164,616,291,[363731.],0,0,0,0,400,0.410106320959672,0,1
1165,1016,291,[637842.],0,0,0,0,400,0.469099800609247,0,2
1166,1413,291,[47659.],0,0,0,0,400,0.443846852683071,0,3
1167,291,292,[575415.],0,0,0,0,400,0.415256112882938,0,0
1168,617,292,[363731.],0,0,0,0,400,0.398049441248416,0,1
1169,1017,292,[637842.],0,0,0,0,400,0.469085236767736,0,2
1170,1414,292,[47659.],0,0,0,0,400,0.440228906252906,0,3
1171,292,293,[575415.],0,0,0,0,400,0.408836842684733,0,0
1172,618,293,[363731.],0,0,0,0,400,0.407341378122516,0,1
1173,1018,293,[637842.],0,0,0,0,400,0.463011085994475,0,2
1174,1415,293,[47659.],0,0,0,0,400,0.441140305219906,0,3
1175,293,294,[575415.],0,0,0,0,400,0.396173266323828,0,0
1176,619,294,[363731.],0,0,0,0,400,0.408232749753692,0,1
1177,1019,294,[637842.],0,0,0,0,400,0.464161678448042,0,2
1178,1416,294,[47659.],0,0,0,0,400,0.446861853606033,0,3
1179,294,295,[575415.],0,0,0,0,400,0.396008702293135,0,0
1180,620,295,[363731.],0,0,0,0,400,0.405965589416509,0,1
1181,1020,295,[637842.],0,0,0,0,400,0.463964958554655,0,2
1182,1417,295,[47659.],0,0,0,0,400,0.443644962119318,0,3
1183,295,296,[575415.],0,0,0,0,400,0.409244621736963,0,0
1184,621,296,[363731.],0,0,0,0,400,0.407168568819662,0,1
1185,1021,296,[637842.],0,0,0,0,400,0.476550055691462,0,2
1186,1418,296,[47659.],0,0,0,0,400,0.450620135798861,0,3
1187,296,297,[575415.],0,0,0,0,400,0.406440357861116,0,0
1188,622,297,[363731.],0,0,0,0,400,0.409624851416215,0,1
1189,1022,297,[637842.],0,0,0,0,400,0.472148927250987,0,2
1190,1419,297,[47659.],0,0,0,0,400,0.435558994761699,0,3
1191,297,298,[575415.],0,0,0,0,400,0.40389798248296,0,0
1192,623,298,[363731.],0,0,0,0,400,0.406096172717403,0,1
1193,1023,298,[637842.],0,0,0,0,400,0.460165428957457,0,2
1194,1420,298,[47659.],0,0,0,0,400,0.44121491569549,0,3
1195,298,299,[575415.],0,0,0,0,400,0.40747366070957,0,0
1196,624,299,[363731.],0,0,0,0,400,0.408411324327026,0,1
1197,1024,299,[637842.],0,0,0,0,400,0.479142624339271,0,2
1198,1421,299,[47659.],0,0,0,0,400,0.445718306968341,0,3
1199,299,300,[575415.],0,0,0,0,400,0.400374152979751,0,0
1200,625,300,[363731.],0,0,0,0,400,0.402172058384855,0,1
1201,1025,300,[637842.],0,0,0,0,400,0.469545417267507,0,2
1202,1422,300,[47659.],0,0,0,0,400,0.442452272180262,0,3
1203,300,301,[575415.],0,0,0,0,400,0.408961036027817,0,0
1204,626,301,[363731.],0,0,0,0,400,0.407200314100204,0,1
1205,1026,301,[919338.],0,0,0,0,400,0.468290267363543,0,2
1206,1423,301,[47659.],0,0,0,0,400,0.442219218118896,0,3
1207,301,302,[637568.],0,0,0,0,400,0.403205147840654,0,0
1208,627,302,[363731.],0,0,0,0,400,0.392465069972909,0,1
1209,1027,302,[919338.],0,0,0,0,400,0.464666739477269,0,2
1210,1424,302,[611546.],0,0,0,0,400,0.447803554392011,0,3
1211,302,303,[637568.],0,0,0,0,400,0.398228916996474,0,0
1212,628,303,[363731.],0,0,0,0,400,0.405247404958273,0,1
1213,1028,303,[919338.],0,0,0,0,400,0.462978300574066,0,2
1214,1425,303,[611546.],0,0,0,0,400,0.438975321890712,0,3
1215,303,304,[637568.],0,0,0,0,400,0.406593703580852,0,0
1216,629,304,[363731.],0,0,0,0,400,0.39562837384593,0,1
1217,1029,304,[919338.],0,0,0,0,400,0.477969772054941,0,2
1218,1426,304,[611546.],0,0,0,0,400,0.432312015062238,0,3
1219,304,305,[637568.],0,0,0,0,400,0.395737572642548,0,0
1220,630,305,[264642.],0,0,0,0,400,0.410655719470472,0,1
1221,1030,305,[919338.],0,0,0,0,400,0.46789495752671,0,2
1222,1427,305,[611546.],0,0,0,0,400,0.443678859707062,0,3
1223,305,306,[637568.],0,0,0,0,400,0.407798237351676,0,0
1224,631,306,[264642.],0,0,0,0,400,0.405302585416656,0,1
1225,1031,306,[919338.],0,0,0,0,400,0.481096017146278,0,2
1226,1428,306,[611546.],0,0,0,0,400,0.441574670922478,0,3
1227,306,307,[637568.],0,0,0,0,400,0.402428400921107,0,0
1228,632,307,[264642.],0,0,0,0,400,0.402218164364928,0,1
1229,1032,307,[919338.],0,0,0,0,400,0.46797689266691,0,2
1230,1429,307,[611546.],0,0,0,0,400,0.441077003570908,0,3
1231,307,308,[637568.],0,0,0,0,400,0.403742582035496,0,0
1232,633,308,[264642.],0,0,0,0,400,0.398144944553021,0,1
1233,1033,308,[919338.],0,0,0,0,400,0.483025603082947,0,2
1234,1430,308,[611546.],0,0,0,0,400,0.440275753784514,0,3
1235,308,309,[637568.],0,0,0,0,400,0.409370493369825,0,0
1236,634,309,[264642.],0,0,0,0,400,0.405183662896825,0,1
1237,1034,309,[919338.],0,0,0,0,400,0.487684622450686,0,2
1238,1431,309,[611546.],0,0,0,0,400,0.435553449370031,0,3
1239,309,310,[637568.],0,0,0,0,400,0.401328201930452,0,0
1240,635,310,[264642.],0,0,0,0,400,0.403078174710425,0,1
1241,1035,310,[919338.],0,0,0,0,400,0.484602115036432,0,2
1242,1432,310,[611546.],0,0,0,0,400,0.436876596551795,0,3
1243,310,311,[637568.],0,0,0,0,400,0.406667138456985,0,0
1244,636,311,[264642.],0,0,0,0,400,0.388675800638323,0,1
1245,1036,311,[919338.],0,0,0,0,400,0.461843287659346,0,2
1246,1433,311,[611546.],0,0,0,0,400,0.424217813545674,0,3
1247,311,312,[637568.],0,0,0,0,400,0.405643730449994,0,0
1248,637,312,[264642.],0,0,0,0,400,0.403966098335951,0,1
1249,1037,312,[919338.],0,0,0,0,400,0.466216512562148,0,2
1250,1434,312,[611546.],0,0,0,0,400,0.440209285336636,0,3
1251,312,313,[637568.],0,0,0,0,400,0.404794802842366,0,0
1252,638,313,[264642.],0,0,0,0,400,0.405655324676243,0,1
1253,1038,313,[919338.],0,0,0,0,400,0.475507957886939,0,2
1254,1435,313,[611546.],0,0,0,0,400,0.440066557634425,0,3
1255,313,314,[637568.],0,0,0,0,400,0.400360210213152,0,0
1256,639,314,[264642.],0,0,0,0,400,0.399642525136448,0,1
1257,1039,314,[919338.],0,0,0,0,400,0.461494707568828,0,2
1258,1436,314,[611546.],0,0,0,0,400,0.436376878613554,0,3
1259,314,315,[637568.],0,0,0,0,400,0.407767384606436,0,0
1260,640,315,[264642.],0,0,0,0,400,0.407053816933828,0,1
1261,1040,315,[919338.],0,0,0,0,400,0.463592988195333,0,2
1262,1437,315,[611546.],0,0,0,0,400,0.442991846996162,0,3
1263,315,316,[637568.],0,0,0,0,400,0.401564204197061,0,0
1264,641,316,[264642.],0,0,0,0,400,0.404308559226933,0,1
1265,1041,316,[919338.],0,0,0,0,400,0.462442500905051,0,2
1266,1438,316,[611546.],0,0,0,0,400,0.438055055625092,0,3
1267,316,317,[637568.],0,0,0,0,400,0.405004007222046,0,0
1268,642,317,[264642.],0,0,0,0,400,0.406367486993423,0,1
1269,1042,317,[919338.],0,0,0,0,400,0.473897004523809,0,2
1270,1439,317,[611546.],0,0,0,0,400,0.451638656499425,0,3
1271,317,318,[637568.],0,0,0,0,400,0.405507603785144,0,0
1272,643,318,[264642.],0,0,0,0,400,0.398744287471021,0,1
1273,1043,318,[919338.],0,0,0,0,400,0.468484183562572,0,2
1274,1440,318,[611546.],0,0,0,0,400,0.445215443251144,0,3
1275,318,319,[637568.],0,0,0,0,400,0.404321512021842,0,0
1276,644,319,[264642.],0,0,0,0,400,0.397888551236107,0,1
1277,1044,319,[919338.],0,0,0,0,400,0.462817006239238,0,2
1278,1441,319,[611546.],0,0,0,0,400,0.447725217671513,0,3
1279,319,320,[637568.],0,0,0,0,400,0.409040066781417,0,0
1280,645,320,[264642.],0,0,0,0,400,0.406549598996212,0,1
1281,1045,320,[919338.],0,0,0,0,400,0.47850875599526,0,2
1282,1442,320,[611546.],0,0,0,0,400,0.444620911178532,0,3
1283,320,321,[637568.],0,0,0,0,400,0.40804618894285,0,0
1284,646,321,[264642.],0,0,0,0,400,0.409238795282756,0,1
1285,1046,321,[919338.],0,0,0,0,400,0.470354867752904,0,2
1286,1443,321,[611546.],0,0,0,0,400,0.448309672161574,0,3
1287,321,322,[637568.],0,0,0,0,400,0.406868384619779,0,0
1288,647,322,[264642.],0,0,0,0,400,0.401812337423782,0,1
1289,1047,322,[919338.],0,0,0,0,400,0.466322048960295,0,2
1290,1444,322,[611546.],0,0,0,0,400,0.44202161895806,0,3
1291,322,323,[637568.],0,0,0,0,400,0.391700943332963,0,0
1292,648,323,[264642.],0,0,0,0,400,0.403547517793874,0,1
1293,1048,323,[919338.],0,0,0,0,400,0.473240973998463,0,2
1294,1445,323,[611546.],0,0,0,0,400,0.448158313688879,0,3
1295,323,324,[637568.],0,0,0,0,400,0.400568296695858,0,0
1296,649,324,[264642.],0,0,0,0,400,0.397068160369143,0,1
1297,1049,324,[919338.],0,0,0,0,400,0.471000559334657,0,2
1298,1446,324,[611546.],0,0,0,0,400,0.433279838343573,0,3
1299,324,325,[637568.],0,0,0,0,400,0.397288856387907,0,0
1300,650,325,[264642.],0,0,0,0,400,0.404408036797681,0,1
1301,1050,325,[751883.],0,0,0,0,400,0.473474706584726,0,2
1302,1447,325,[611546.],0,0,0,0,400,0.43227073838691,0,3
1303,651,326,[264642.],0,0,0,0,400,0.396673027581154,0,1
1304,1051,326,[751883.],0,0,0,0,400,0.465743483829188,0,2
1305,1448,326,[398901.],0,0,0,0,400,0.445286356664729,0,3
1306,652,327,[264642.],0,0,0,0,400,0.402812521194609,0,1
1307,1052,327,[751883.],0,0,0,0,400,0.460559429594219,0,2
1308,1449,327,[398901.],0,0,0,0,400,0.450758483321777,0,3
1309,653,328,[264642.],0,0,0,0,400,0.410714947363451,0,1
1310,1053,328,[751883.],0,0,0,0,400,0.469273760285213,0,2
1311,1450,328,[398901.],0,0,0,0,400,0.435581829435196,0,3
1312,654,329,[990771.],0,0,0,0,400,0.403124002837245,0,1
1313,1054,329,[751883.],0,0,0,0,400,0.48065560245642,0,2
1314,1451,329,[398901.],0,0,0,0,400,0.432553544145494,0,3
1315,655,330,[990771.],0,0,0,0,400,0.397130171669867,0,1
1316,1055,330,[751883.],0,0,0,0,400,0.474600812014236,0,2
1317,1452,330,[398901.],0,0,0,0,400,0.442489668615001,0,3
1318,656,331,[990771.],0,0,0,0,400,0.396922039305926,0,1
1319,1056,331,[751883.],0,0,0,0,400,0.477965515740576,0,2
1320,1453,331,[398901.],0,0,0,0,400,0.45218875885896,0,3
1321,657,332,[990771.],0,0,0,0,400,0.399092686088569,0,1
1322,1057,332,[751883.],0,0,0,0,400,0.461883817601147,0,2
1323,1454,332,[398901.],0,0,0,0,400,0.44337916590531,0,3
1324,658,333,[990771.],0,0,0,0,400,0.402857454587044,0,1
1325,1058,333,[751883.],0,0,0,0,400,0.479021896103256,0,2
1326,1455,333,[398901.],0,0,0,0,400,0.444870379933347,0,3
1327,659,334,[990771.],0,0,0,0,400,0.40435210476714,0,1
1328,1059,334,[751883.],0,0,0,0,400,0.465733750232725,0,2
1329,1456,334,[398901.],0,0,0,0,400,0.44350110762837,0,3
1330,660,335,[990771.],0,0,0,0,400,0.397071351026341,0,1
1331,1060,335,[751883.],0,0,0,0,400,0.458844921300463,0,2
1332,1457,335,[398901.],0,0,0,0,400,0.44744673480347,0,3
1333,661,336,[990771.],0,0,0,0,400,0.408820532201351,0,1
1334,1061,336,[751883.],0,0,0,0,400,0.475943136007247,0,2
1335,1458,336,[398901.],0,0,0,0,400,0.449464145669825,0,3
1336,662,337,[990771.],0,0,0,0,400,0.3955188062191,0,1
1337,1062,337,[751883.],0,0,0,0,400,0.459953410159764,0,2
1338,1459,337,[398901.],0,0,0,0,400,0.444095259142249,0,3
1339,663,338,[990771.],0,0,0,0,400,0.397589557490276,0,1
1340,1063,338,[751883.],0,0,0,0,400,0.464918152486523,0,2
1341,1460,338,[398901.],0,0,0,0,400,0.433575795993585,0,3
1342,664,339,[990771.],0,0,0,0,400,0.409485946727197,0,1
1343,1064,339,[751883.],0,0,0,0,400,0.457604751660382,0,2
1344,1461,339,[398901.],0,0,0,0,400,0.449365341260167,0,3
1345,665,340,[990771.],0,0,0,0,400,0.399295794422936,0,1
1346,1065,340,[751883.],0,0,0,0,400,0.46952704482122,0,2
1347,1462,340,[398901.],0,0,0,0,400,0.442088268474763,0,3
1348,666,341,[990771.],0,0,0,0,400,0.408689834912706,0,1
1349,1066,341,[751883.],0,0,0,0,400,0.468161629310077,0,2
1350,1463,341,[398901.],0,0,0,0,400,0.444165028437138,0,3
1351,667,342,[990771.],0,0,0,0,400,0.400305029557166,0,1
1352,1067,342,[751883.],0,0,0,0,400,0.468387350224188,0,2
1353,1464,342,[398901.],0,0,0,0,400,0.443608860944179,0,3
1354,668,343,[990771.],0,0,0,0,400,0.409325953885692,0,1
1355,1068,343,[751883.],0,0,0,0,400,0.460257174439082,0,2
1356,1465,343,[398901.],0,0,0,0,400,0.447805087945999,0,3
1357,669,344,[990771.],0,0,0,0,400,0.396716665654139,0,1
1358,1069,344,[751883.],0,0,0,0,400,0.466390040283701,0,2
1359,1466,344,[398901.],0,0,0,0,400,0.448368296121232,0,3
1360,670,345,[990771.],0,0,0,0,400,0.392666529315784,0,1
1361,1070,345,[751883.],0,0,0,0,400,0.461953072737209,0,2
1362,1467,345,[398901.],0,0,0,0,400,0.444791647233843,0,3
1363,671,346,[990771.],0,0,0,0,400,0.400624905816464,0,1
1364,1071,346,[751883.],0,0,0,0,400,0.467010255829454,0,2
1365,1468,346,[398901.],0,0,0,0,400,0.433432548648525,0,3
1366,672,347,[990771.],0,0,0,0,400,0.41046174816711,0,1
1367,1072,347,[751883.],0,0,0,0,400,0.472529794666102,0,2
1368,1469,347,[398901.],0,0,0,0,400,0.447733605871506,0,3
1369,673,348,[990771.],0,0,0,0,400,0.397844604771252,0,1
1370,1073,348,[751883.],0,0,0,0,400,0.469172476300466,0,2
1371,1470,348,[398901.],0,0,0,0,400,0.437029954385152,0,3
1372,674,349,[990771.],0,0,0,0,400,0.398580673937916,0,1
1373,1074,349,[662877.],0,0,0,0,400,0.460304417263031,0,2
1374,1471,349,[398901.],0,0,0,0,400,0.440900769763499,0,3
1375,675,350,[990771.],0,0,0,0,400,0.405078981147557,0,1
1376,1075,350,[662877.],0,0,0,0,400,0.479126734399358,0,2
1377,1472,350,[863.],0,0,0,0,400,0.448944129749692,0,3
1378,676,351,[990771.],0,0,0,0,400,0.403313050238388,0,1
1379,1076,351,[662877.],0,0,0,0,400,0.475189911250859,0,2
1380,1473,351,[863.],0,0,0,0,400,0.44541392497234,0,3
1381,677,352,[990771.],0,0,0,0,400,0.398769027206897,0,1
1382,1077,352,[662877.],0,0,0,0,400,0.460416712873397,0,2
1383,1474,352,[863.],0,0,0,0,400,0.446816195470577,0,3
1384,678,353,[948021.],0,0,0,0,400,0.398199490412137,0,1
1385,1078,353,[662877.],0,0,0,0,400,0.467362826935957,0,2
1386,1475,353,[863.],0,0,0,0,400,0.449403156012465,0,3
1387,679,354,[948021.],0,0,0,0,400,0.408824589845481,0,1
1388,1079,354,[662877.],0,0,0,0,400,0.462537599032001,0,2
1389,1476,354,[863.],0,0,0,0,400,0.442069400550528,0,3
1390,680,355,[948021.],0,0,0,0,400,0.405659289265375,0,1
1391,1080,355,[662877.],0,0,0,0,400,0.471621980404318,0,2
1392,1477,355,[863.],0,0,0,0,400,0.439187047149066,0,3
1393,681,356,[948021.],0,0,0,0,400,0.400322784742625,0,1
1394,1081,356,[662877.],0,0,0,0,400,0.471267231517363,0,2
1395,1478,356,[863.],0,0,0,0,400,0.453448725107714,0,3
1396,682,357,[948021.],0,0,0,0,400,0.393077467242277,0,1
1397,1082,357,[662877.],0,0,0,0,400,0.472546141860522,0,2
1398,1479,357,[863.],0,0,0,0,400,0.445642125929522,0,3
1399,683,358,[948021.],0,0,0,0,400,0.400159906810807,0,1
1400,1083,358,[662877.],0,0,0,0,400,0.467628297935892,0,2
1401,1480,358,[863.],0,0,0,0,400,0.448415972196067,0,3
1402,684,359,[948021.],0,0,0,0,400,0.395706595437987,0,1
1403,1084,359,[662877.],0,0,0,0,400,0.464223056150506,0,2
1404,1481,359,[863.],0,0,0,0,400,0.445455084551948,0,3
1405,685,360,[948021.],0,0,0,0,400,0.416074819497408,0,1
1406,1085,360,[662877.],0,0,0,0,400,0.474799781604795,0,2
1407,1482,360,[863.],0,0,0,0,400,0.441302821835834,0,3
1408,686,361,[948021.],0,0,0,0,400,0.398695591606941,0,1
1409,1086,361,[662877.],0,0,0,0,400,0.473483585694813,0,2
1410,1483,361,[863.],0,0,0,0,400,0.438130098160848,0,3
1411,687,362,[948021.],0,0,0,0,400,0.411645337468219,0,1
1412,1087,362,[662877.],0,0,0,0,400,0.463343615350026,0,2
1413,1484,362,[863.],0,0,0,0,400,0.441983264907629,0,3
1414,688,363,[948021.],0,0,0,0,400,0.407016575212469,0,1
1415,1088,363,[662877.],0,0,0,0,400,0.467057793999317,0,2
1416,1485,363,[863.],0,0,0,0,400,0.438444647396918,0,3
1417,689,364,[948021.],0,0,0,0,400,0.402643443001698,0,1
1418,1089,364,[662877.],0,0,0,0,400,0.474444316500762,0,2
1419,1486,364,[863.],0,0,0,0,400,0.43483411260134,0,3
1420,690,365,[948021.],0,0,0,0,400,0.394682852415118,0,1
1421,1090,365,[662877.],0,0,0,0,400,0.465702646545298,0,2
1422,1487,365,[863.],0,0,0,0,400,0.443684190713768,0,3
1423,691,366,[948021.],0,0,0,0,400,0.404114374065424,0,1
1424,1091,366,[662877.],0,0,0,0,400,0.460921803119069,0,2
1425,1488,366,[863.],0,0,0,0,400,0.43820423192738,0,3
1426,692,367,[948021.],0,0,0,0,400,0.403004902017161,0,1
1427,1092,367,[662877.],0,0,0,0,400,0.466315533959269,0,2
1428,1489,367,[863.],0,0,0,0,400,0.440773243995357,0,3
1429,693,368,[948021.],0,0,0,0,400,0.404179891606952,0,1
1430,1093,368,[662877.],0,0,0,0,400,0.469138016968912,0,2
1431,1490,368,[863.],0,0,0,0,400,0.435576903869071,0,3
1432,694,369,[948021.],0,0,0,0,400,0.403277847824545,0,1
1433,1094,369,[662877.],0,0,0,0,400,0.47745504485165,0,2
1434,1491,369,[863.],0,0,0,0,400,0.4357937385202,0,3
1435,695,370,[948021.],0,0,0,0,400,0.398966926106171,0,1
1436,1095,370,[662877.],0,0,0,0,400,0.468231515376025,0,2
1437,1492,370,[863.],0,0,0,0,400,0.450648826474507,0,3
1438,696,371,[948021.],0,0,0,0,400,0.401356860370018,0,1
1439,1096,371,[662877.],0,0,0,0,400,0.461241948463928,0,2
1440,1493,371,[863.],0,0,0,0,400,0.443281688598322,0,3
1441,697,372,[948021.],0,0,0,0,400,0.404480609111095,0,1
1442,1097,372,[662877.],0,0,0,0,400,0.471288014350253,0,2
1443,1494,372,[863.],0,0,0,0,400,0.452620759905183,0,3
1444,698,373,[948021.],0,0,0,0,400,0.40405688330165,0,1
1445,1098,373,[894594.],0,0,0,0,400,0.459167182234666,0,2
1446,1495,373,[863.],0,0,0,0,400,0.440115119398358,0,3
1447,699,374,[948021.],0,0,0,0,400,0.402410353808343,0,1
1448,1099,374,[894594.],0,0,0,0,400,0.468560434065006,0,2
1449,1496,374,[378.],0,0,0,0,400,0.44979900983236,0,3
1450,700,375,[948021.],0,0,0,0,400,0.404710176548959,0,1
1451,1100,375,[894594.],0,0,0,0,400,0.474539431028274,0,2
1452,1497,375,[378.],0,0,0,0,400,0.458387837636317,0,3
1453,701,376,[948021.],0,0,0,0,400,0.40812959338617,0,1
1454,1101,376,[894594.],0,0,0,0,400,0.460366113088919,0,2
1455,1498,376,[378.],0,0,0,0,400,0.444110782563754,0,3
1456,702,377,[898078.],0,0,0,0,400,0.404728233560913,0,1
1457,1102,377,[894594.],0,0,0,0,400,0.470408602875158,0,2
1458,1499,377,[378.],0,0,0,0,400,0.450732795669861,0,3
1459,703,378,[898078.],0,0,0,0,400,0.398293891148865,0,1
1460,1103,378,[894594.],0,0,0,0,400,0.471296156450993,0,2
1461,1500,378,[378.],0,0,0,0,400,0.442589433402637,0,3
1462,704,379,[898078.],0,0,0,0,400,0.398696261192573,0,1
1463,1104,379,[894594.],0,0,0,0,400,0.468781631985103,0,2
1464,1501,379,[378.],0,0,0,0,400,0.448466688572818,0,3
1465,705,380,[898078.],0,0,0,0,400,0.403715377354496,0,1
1466,1105,380,[894594.],0,0,0,0,400,0.469873023132666,0,2
1467,1502,380,[378.],0,0,0,0,400,0.441544400198998,0,3
1468,706,381,[898078.],0,0,0,0,400,0.4081033357677,0,1
1469,1106,381,[894594.],0,0,0,0,400,0.467667923279186,0,2
1470,1503,381,[378.],0,0,0,0,400,0.442893327335949,0,3
1471,707,382,[898078.],0,0,0,0,400,0.40672726648818,0,1
1472,1107,382,[894594.],0,0,0,0,400,0.466849125382612,0,2
1473,1504,382,[378.],0,0,0,0,400,0.442175713881288,0,3
1474,708,383,[898078.],0,0,0,0,400,0.400542248810941,0,1
1475,1108,383,[894594.],0,0,0,0,400,0.467676695333425,0,2
1476,1505,383,[378.],0,0,0,0,400,0.449145753434892,0,3
1477,709,384,[898078.],0,0,0,0,400,0.406512208922898,0,1
1478,1109,384,[894594.],0,0,0,0,400,0.472540829253031,0,2
1479,1506,384,[378.],0,0,0,0,400,0.437784239643525,0,3
1480,710,385,[898078.],0,0,0,0,400,0.392037427600227,0,1
1481,1110,385,[894594.],0,0,0,0,400,0.467169966562547,0,2
1482,1507,385,[378.],0,0,0,0,400,0.445660230123677,0,3
1483,711,386,[898078.],0,0,0,0,400,0.402184365295498,0,1
1484,1111,386,[894594.],0,0,0,0,400,0.463306795541311,0,2
1485,1508,386,[378.],0,0,0,0,400,0.441978046276575,0,3
1486,712,387,[898078.],0,0,0,0,400,0.410530912475922,0,1
1487,1112,387,[894594.],0,0,0,0,400,0.469776268631856,0,2
1488,1509,387,[378.],0,0,0,0,400,0.443924105848617,0,3
1489,713,388,[898078.],0,0,0,0,400,0.403624633993158,0,1
1490,1113,388,[894594.],0,0,0,0,400,0.462034911480231,0,2
1491,1510,388,[378.],0,0,0,0,400,0.447559828045059,0,3
1492,714,389,[898078.],0,0,0,0,400,0.402224305000013,0,1
1493,1114,389,[894594.],0,0,0,0,400,0.481450081788039,0,2
1494,1511,389,[378.],0,0,0,0,400,0.449352417726077,0,3
1495,715,390,[898078.],0,0,0,0,400,0.403212107453961,0,1
1496,1115,390,[894594.],0,0,0,0,400,0.478792294096913,0,2
1497,1512,390,[378.],0,0,0,0,400,0.452194204394646,0,3
1498,716,391,[898078.],0,0,0,0,400,0.404086288136968,0,1
1499,1116,391,[894594.],0,0,0,0,400,0.470789642223318,0,2
1500,1513,391,[378.],0,0,0,0,400,0.443928704858389,0,3
1501,717,392,[898078.],0,0,0,0,400,0.401299374642532,0,1
1502,1117,392,[894594.],0,0,0,0,400,0.465572145128304,0,2
1503,1514,392,[378.],0,0,0,0,400,0.447919240829173,0,3
1504,718,393,[898078.],0,0,0,0,400,0.393566760476571,0,1
1505,1118,393,[894594.],0,0,0,0,400,0.468179823266175,0,2
1506,1515,393,[378.],0,0,0,0,400,0.435200097332393,0,3
1507,719,394,[898078.],0,0,0,0,400,0.408763091470154,0,1
1508,1119,394,[894594.],0,0,0,0,400,0.470929771111772,0,2
1509,1516,394,[378.],0,0,0,0,400,0.443190382544602,0,3
1510,720,395,[898078.],0,0,0,0,400,0.394874069448428,0,1
1511,1120,395,[894594.],0,0,0,0,400,0.468342996908364,0,2
1512,1517,395,[378.],0,0,0,0,400,0.446907467398657,0,3
1513,721,396,[898078.],0,0,0,0,400,0.406767428337319,0,1
1514,1121,396,[894594.],0,0,0,0,400,0.46756225932799,0,2
1515,1518,396,[378.],0,0,0,0,400,0.438155102411587,0,3
1516,722,397,[898078.],0,0,0,0,400,0.402560115550887,0,1
1517,1519,397,[378.],0,0,0,0,400,0.443508551552249,0,3
1518,723,398,[898078.],0,0,0,0,400,0.407369390125216,0,1
1519,724,399,[898078.],0,0,0,0,400,0.406098095076677,0,1
